1,『ベイマックス』という作品を見て感動した。
1,10年乗った車を買い替え、新しい車が家に来た。
1,1日中だらだらと可愛いアニメを見て過ごした。
1,２か月ぶりに打った麻雀で奇跡的に勝てた。
1,3週間のインターンシップに参加した。
1,4Kディスプレイを導入したら作業が捗るようになった。
1,4月の捻挫がようやっと治りそう。
1,5時起きの父をいつも見ていると尊敬する。
1,5人で協力して1つのゲームを作るのは大変だったが、良い経験になった。
1,Amazonで欲しかった商品を購入した。
1,CD買ってきた。
1,ChinaJoy2017で発表されたゲームが面白そうなので楽しみ。
1,GPAが3を超えた。
1,iPad使いやすい。
1,iPhone変えた、うれしい。
1,KALDIでコーヒーもらった。
1,LiSAのライブが楽しくて最高だった。
1,PCのデスクトップを恋ダンスに変更した。
1,PVとか字体とか絵が良い。
1,TOEICの点数が少し上がった。
1,TOIECに向けてリスニングの勉強をした。
1,TwitterとLINEは復旧した。
1,WorldOfTanksというゲームでMausという車両の最優秀成績が取れた。
1,YouTubeの動画は面白い。
1,アートワーク色々追加した。
1,アイドルのコンサートに行って、夢のような時間を過ごせた。
1,あげまんじゅうを食べてみたら、美味しかった。
1,アニメの映画を見に行った。
1,アニメを見て泣きそうになった。
1,あまり寝ていないのに、目覚めが良い。
1,アルバイトでマネージャーに昇格した。
1,アンケートに答えてくれた人が増えた。
1,いいねを何個か貰えた。
1,いい感じに乗り換えがうまくいったわ。
1,いい写真が撮れた。
1,いきつけのラーメン屋に行った。
1,いきつけの定食屋でから揚げ定食を食べた。
1,いとこが結婚をした。
1,いぬやしき観てた。
1,イベントの説明会に行って有意義な話を聴けた。
1,イラストを投稿したら、ゲームの作者さんから返信が来た。
1,イラストを描いてSNSにアップした。
1,インターンシップに合格した。
1,インフルエンザの予防接種に行った。
1,ウィスキー工場で美味しいお酒の試飲をした。
1,ウェアラブルデバイスが想像以上に便利だった。
1,うちの近くのファミマ、この時間だとあんな強そうな外人さん働いてるんやな。
1,おいしいてんぷらを食べた。
1,おいしいラーメン屋を見つけた。
1,おばあちゃんからお年玉をもらった。
1,おみやげをもらった。
1,おもしろい小説をみつけた。
1,オランジーナ4本買ったらもらえた。
1,お菓子であたりを引いた。
1,お菓子作りが楽しかった。
1,お酒を飲みながら１時間だけゲーム。
1,お台場の雰囲気がとてもよかったので、また行きたい。
1,お昼ご飯に油そばを食べた。
1,お年玉はもうもらえないと思っていたが、もらえてうれしい。
1,お年玉をたくさんもらった。
1,お腹の調子が良くなって良かった。
1,ガリガリ君で当たりが出た。
1,カルピスがセールだったため、６本一気に買えた。
1,カレー屋さんのカレーはやはりうまい。
1,ガンプラ焼きを食べてみたら意外と美味しかった。
1,ギターでコードの切り替えがスムーズにできるようになって、うれしかった。
1,キャッチボールで身体を動かして、いい汗をかいた。
1,きらら系アニメで癒された。
1,きれいな夕焼けを見た。
1,クレーンゲームで欲しかったプライズを取ることができた。
1,ケーキ屋さんを営んでいる親戚のおじさんがケーキを作ってくれた。
1,ゲームが思っていたより高く売れた。
1,ゲームが面白かったので、ゲームを作ってくれたプログラマーさんを尊敬する。
1,ゲームで勝てたからうれしい。
1,ゲームで欲しいアイテムが手に入った。
1,ゲームのアップテンポなBGMを聴いていたらテンションが上がった。
1,ゲームをして、友達に勝った。
1,コーヒーを飲みながら美味しいチョコレートを食べる。
1,このキャラかっこいい。
1,この時間に眠くなるのは生活習慣が改善されつつあるということなのか。
1,この前の飲み会では久々に会えた人もいて嬉しかった。
1,この前家族でご飯を食べにいきました。
1,この前友人達との飲み会があって、楽しかった。
1,コンタクトが無くなりそうだったから、買いに行った。
1,コンビニで買った新商品のアイスが美味しかった。
1,コンビニのくじでアイスが当たった。
1,サークルに顔を出して後輩にアドバイスできた。
1,サークルの飲み会がこじんまりとしていたけど楽しかった。
1,サークルの帰りにサイゼ行った。
1,サークルの先輩と同期で忘年会をした。
1,サークルの仲間と旅行に行った。
1,サークルの同期と飲み会。
1,さぼりがちだった筋トレを再開しようと決心した。
1,サラダチキンのカラムーチョ味が美味しかった。
1,シェーキーズで２リットルのパフェを三人で完食した。
1,ジオラマの工作はとても楽しい。
1,しばらく一緒に横を歩いてくれたどこかの飼い猫さんがかわいかった。
1,しばらく買い物に行かなくていいくらい、大量に食べ物を買った。
1,ジムで重いウェイトを持ち上げられるようになって嬉しい。
1,ジョイポリスで全力で遊んだ。
1,ジョジョはやっぱり面白い。
1,シンドラーのリストという映画を見て、感じるものが多くあった。
1,スイカが育ってきたので大きく育つのが楽しみだ。
1,スーパーで懐かしいフエラムネを見つけたので買った。
1,スキーにいった。
1,スタバおいしい。
1,ずっとほしかったスニーカーを買った。
1,ずっと気になっていた店に入れた。
1,ずっと行きたかった美術展にやっと行けた。
1,スパゲッティを作ったらうまくできた。
1,スポッチャでオールした。
1,スマホから楽しかった日の思い出の写真が出てきて、癒やされた。
1,ゼミで研究の進捗報告をしたが、アドバイスをもらえて良かった。
1,ソフトドリンクが一番おいしいことに気づく。
1,ソフトバンクの特典で31のアイスを貰った。
1,タイトルだけ知っていたアニメを見たら思っている以上に面白かった。
1,タイムセールの先着に勝利した。
1,たまったポイントでヘッドホンを買った。
1,ためてた録画をまとめて見れて良かった。
1,チャーハン作った。
1,ツイッターでいいねがついた。
1,デートに行った。
1,テストが簡単だった。
1,テストで、平均点くらいの点が取れた。
1,テストの結果が良かった。
1,テレビで観た『シン・ゴジラ』がとても面白かった。
1,テレビで芸人さんのコントを見ました。
1,テレビで見たお店に足を運んだ。
1,テレビドラマのインターホンの音に反応して飼い犬が玄関に駆けていった。
1,テレビに友達が出てて驚いた。
1,どうぶつの森でレアアイテムのミヤマクワガタを捕まえた。
1,となりのトトロは面白かった。
1,どら焼きはおいしい。
1,ニキビが少し減ってきた。
1,ニコニコ生放送にて歌配信を行ったら多くの人が来てくれた。
1,ネットで知り合った外国人と文通を始めることになった。
1,ネットのアニメ放送を見たら面白かった。
1,ネット麻雀が楽しい。
1,バイトで稼いだお金で、家族を連れて焼肉に行った。
1,バイトの仕事でした売り場づくりがうまくいった。
1,バイトの時給が上がった。
1,バイトの仲間と旅行に行った。
1,バイトの同僚とご飯へ行く約束をした。
1,バイト後のラーメンは美味しかった。
1,バイト先に来たお客さんに接客を褒められた。
1,バイト先に旅行のお土産を買っていった。
1,バイト先の人に誕生日を祝ってもらった。
1,バイト先の先輩にラーメンをおごってもらった。
1,バイト先の店長に子供が生まれた。
1,バイト代で新しいパソコンを買った。
1,バス停に行ったらちょうどバスが来るところだった。
1,パチンコをやめる決心がついた。
1,パフェ美味しい。
1,パンケーキ美味しかった。
1,ピアノを練習したことで新しい曲を弾けるようになった。
1,ピザとワインを専門としている店のワインが美味しかった。
1,ピザ食べ放題を奢られる。
1,ヒトカラしてきた。
1,プールでたくさん泳いで疲れたけど楽しかった。
1,プールに行って楽しかった。
1,プラモデルの塗装がうまくいった。
1,フルグラが安かったので12袋買い込んだ。
1,プログラミングの課題を夜遅くまで友達とがんばった。
1,プログラムが捗る。
1,プログラムが予定以上に順調に進んでいる。
1,プログラムで詰まっていた部分が解消された。
1,ブロック決勝大会出場しました。
1,ペンタブを買った。
1,ホームステイ先だった家の娘さんと日本で遊んだ。
1,マウントアダプターを買ってレンズを取り付けられるようにした。
1,ミニライブ、凄かったな。
1,めっちゃ久しぶりに映画見に行った。
1,メディア芸術祭の体験型の作品を鑑賞して楽しんだ。
1,もうそろ指の皮くっつくらしーぞ。
1,モスチキン美味しい。
1,やっとライブBDが届いた。
1,やっぱり野球は楽しい。
1,ラーメンを注文したらサービスでライスをもらえて嬉しかった。
1,ライブに当選した。
1,ライブのチケット当たったー！
1,ライブ行ってきたけど最高だった。
1,ラジオに投稿したネタが読まれた。
1,レストランでスパゲッティを食べて、おいしかった。
1,衣替えの時期なので服を買った。
1,一人でラーメンを食べた。
1,一人で映画を見に行った。
1,一人暮らししてる人の家に行って友達とワイワイするのは楽しい。
1,一度も信号につかまらず学校まで来れた。
1,飲み会の後ラーメンを食べた。
1,雨の日にディズニーランドにいったらガラガラだった。
1,雨上がりの晴れた道を通って学校に行った。
1,運転免許をとれたので、うれしかった。
1,映画が思ったより面白かった。
1,英語の成績が伸びた。
1,駅から学校までの最短ルートを発見した。
1,駅で偶然に中学時代の友人と再会した。
1,駅のイルミネーションが綺麗だった。
1,駅前の電気屋に修理を頼んだら、丁寧に対応してくれた。
1,演習が早くに終わったのでその分早く帰れた。
1,演舞の練習をした。
1,沖縄で体験ダイビングをして、海がきれいだった。
1,沖縄に三泊四日で旅行に行った。
1,屋台で買ったお好み焼きがなかなか美味しかった。
1,仮免許の試験受かった。
1,加湿器を買う。
1,可愛いお菓子の写真を撮った。
1,可愛いパンダを見に行った。
1,夏になって初めてビールの美味しさを知った。
1,夏の夜が涼しかった。
1,夏休みに祖父の家に遊びに行った。
1,夏休みに北海道へ旅行へ行った。
1,夏休みに友達と地元の花火大会に行った。
1,夏祭りで、浴衣のあの子が可愛かった。
1,家で映画鑑賞。
1,家で食べるカレーうどんは染みを気にしなくていいから好き。
1,家族そろって初詣に行った。
1,家族で回転寿司屋に夕飯を食べに行った。
1,家族で焼き肉を食べに行った。
1,家族で北海道に旅行へ行った。
1,家族旅行で福岡、長崎に行った。
1,暇だったから、ゲーセンに行った。
1,課題が早く終わった。
1,課題を余裕を持って終わらせることが出来た。
1,課題提出にぎりぎり間に合った。
1,会社に提出する企画書ができた。
1,会社のインターンに採用された。
1,会社の内定式に参加した。
1,会社見学に行ってモチベーションが上がった。
1,壊れたと思っていた機械が、たたいたら直った。
1,懐かしい友人に会った。
1,学校の備品をこっそり修理していたが、見つかって褒められてしまった。
1,学校帰りに友達とラーメンを食べた。
1,寒くなってきたので新しいダウンジャケットを買った。
1,間に合わないと思ってた電車が間に合った。
1,基本情報技術者試験に受かってうれしい。
1,希望していた会社から内定の電話をもらった。
1,期待半分で見た映画が案外面白かった。
1,期末テストで良い点を取ることができた。
1,帰りの電車で１時間以上座って寝れた。
1,帰り道で手袋を見つけた。
1,気になっていたソフトを買ったので、楽しみ。
1,気になっていた映画を見たが、予想以上に面白かった。
1,気になっていた新刊を買いに行った。
1,記事を読んだ人から感想をいただいた。
1,喫茶店でケーキを食べた。
1,久しぶりにカリオストロ見たら面白かった。
1,久しぶりにジェットコースターに乗って楽しかった。
1,久しぶりにダーツをした。
1,久しぶりにポテトチップスを食べるとおいしい。
1,久しぶりに飲んだ炭酸が旨い。
1,久しぶりに運動をすると気分がいい。
1,久しぶりに会う友達と飲みに行った。
1,久しぶりに近所のバッティングセンターへ行った。
1,久しぶりに高校のときの友人と会った。
1,久しぶりに少し遊ぶ時間ができた。
1,久しぶりに食べた焼き肉は美味しかった。
1,久しぶりに晴れたよかった。
1,久しぶりに地元の友達と再会した。
1,久しぶりに風呂掃除をした。
1,久しぶりに友人と会ってたくさん話した。
1,久しぶりに遊園地に行って、楽しかった。
1,久々にすき焼きを食べた。
1,久々にテレビで芸人さんのコントを見てたくさん笑った。
1,久々に映画を見に行った。
1,久々に家族４人で出かけた。
1,久々に家族全員で温泉に行った。
1,久々に大好きなラーメン屋でラーメンを食べた。
1,休日に6時起床、時間を有効活用できた。
1,休日にたくさん寝ることができた。
1,急いで走ったら何とか電車に間に合った。
1,給料日にはじめてお金をもらって、うれしかった。
1,居酒屋ランチのコスパの良さ。
1,京都旅行へ行った。
1,競合相手より早く記事を公開できた。
1,興味本位で購入したアイスが思いのほか美味しくて定期的に買おうと思った。
1,筋トレのおかげで、筋力がついてきた。
1,近くにおいしそうなラーメン屋ができた。
1,近所のおばさんが煮物をおすそ分けしてくれた。
1,近所の子供たちと雪だるまを作った。
1,金閣寺を見て、感動した。
1,兄の誕生日にバッグをプレゼントした。
1,携帯電話を新調した。
1,経済学のレポートがギリギリ終わった。
1,結構びっくりな出来事が。
1,月島で雰囲気の良い裏通りを探索した。
1,嫌いだった豆が食べられるようになった。
1,犬の散歩をした。
1,研究のお手伝いをした。
1,研究の合間に誰かとしゃべるのは楽しいし息抜きになる。
1,研究を進めに学校へ来た。
1,研修先で会社の先輩に褒められて嬉しかった。
1,見たかった映画が、地上波で放送された。
1,見知らぬ人に助けてもらった。
1,元々週1本ペースだったが、完全に禁煙を始めた。
1,古物屋に雑多なものを処分しに行ったら意外と儲かった。
1,古本屋で面白そうな本を発見した。
1,御徒町にあるちょっと高いお寿司屋さんに家族で行った。
1,公園で運動をした。
1,好きなアーティストのライブに行った。
1,好きなアーティストの曲を購入した。
1,好きなアニメについて友人と話した。
1,好きなアニメの映画を観に行った。
1,好きな音楽CDを買った。
1,好きな楽曲を聞いた。
1,好きな漫画の懸賞が当選して嬉しい。
1,好きな漫画の新刊を買った。
1,好きな漫画をたくさん読んだ。
1,江ノ島のベンチ座ってたら猫に膝の上座られて寝られた30分くらい。
1,講義が休講になり、時間に余裕ができて、うれしい。
1,高級ステーキの試食会が行われていてとてもおいしかった。
1,高校の同級生と沖縄に行った。
1,高校の同級生と久しぶりに会った。
1,高校の部活の先輩と北海道旅行に行って楽しかった。
1,高校時代の部活の先生の展覧会に行った。
1,高校時代の友人と飲みに行った。
1,合宿の打ち上げで、しゃぶしゃぶを食べに行った。
1,合唱コンクールで優勝目指して練習した。
1,国分寺で塩ラーメンを食べた。
1,今期のGPAが３を超えた。
1,今月のバイト代が８万円を超えていて驚いた。
1,今朝は目覚ましが鳴るより5分早く起きた。
1,今度高校時代の友人らと飲みの予定ができ、今から楽しみだ。
1,今日のライブは素晴らしかった。
1,今日の運勢で１位だった。
1,今日の朝ごはんは、美味しかった。
1,今日は、映画をみて楽しんできました。
1,今日はサークルの新入生歓迎会だった。
1,今日は学校が休みだ。
1,今日は寒かったので帰りにホットココアを買った。
1,今日は久しぶりに違う食堂で昼食。
1,今日は給料日だから、いつもよりテンションが高い。
1,今日は講義が早く終わり、スムーズにバスに乗れた。
1,今日は授業が早く終わったので早く帰宅できてうれしい。
1,今日は新しいゲームを手に入れることが出来て良かった。
1,今日は全休だから、家でゆったりしてる。
1,今日は対戦成績がよかった。
1,今日は誕生日プレゼントをもらった。
1,今日は珍しく、自主勉強をした。
1,今日は追いコンだった。
1,今日は天気が良かったので散歩をした。
1,今日は薬が良く効いていて体調が良い。
1,今日は友達と遊園地に行った。
1,今日やるべきことが全部終えられた。
1,今年の12月は莫大な出費をしてしまったが、楽しい月になった。
1,今年もボジョレーヌーボーを購入した。
1,今年も桜の写真が良く撮れた。
1,今年も地元のお祭りを見に行けてよかった。
1,今年も庭の菊が咲いてよかった。
1,最近読み始めた小説がとても面白い。
1,最終面接に合格した。
1,財布の中に溜まっていたレシートを整理して捨てた。
1,財布を買いに行ったらいいものがあった。
1,財布を落としたが、拾った人が届けに来てくれた。
1,財布失くしたけど、親切な人が拾ってくれたおかげで見つかった。
1,昨日は飼い犬と遊んで、楽しかった。
1,昨日は寝つきが良かったので、気持ち良く目覚めた。
1,昨日見たイルミネーションがきれいだった。
1,昨日卵かけご飯に納豆をかけて食べたら、めちゃくちゃ美味しかった！
1,雑誌の懸賞が当たった。
1,雑誌の懸賞に当選した。
1,雑草を引き抜きまくって、店先がきれいになった。
1,志望校のオープンキャンパスに行ってきた。
1,試供品で配られていた焼酎がとてもおいしかった。
1,試験に合格したので、とてもうれしかった。
1,資格の試験に合格していた。
1,資格試験が終わってとても安心した。
1,資格試験にぎりぎりで合格した。
1,資料が欲しいとぼやいたら、親切な友人が用意してくれた。
1,飼い犬がおすわりを覚えた。
1,飼い犬はまだ赤ちゃんだから甘噛みしてきたけど、可愛いから許します。
1,時計を買ったら、店員さんに少し割引してもらえた。
1,自動車免許を無事に取得できてうれしかった。
1,自分が希望する研究室に配属されて、とても良かった。
1,自分で具のたくさん入った味噌ラーメンを作って美味しかった。
1,自分のPCのメモリを8GBから16GBにした。
1,自分用に作っていたソフトだが、公開してみたら反響があった。
1,失くしていた学生証が学生課に届けられたらしい。
1,社会人の人から就活について話を聞いて参考になった。
1,授業が休講になった。
1,授業が早めに終わったから、いつもより一本前の電車に乗れた。
1,授業のプレゼンで緊張したがうまくできた。
1,授業の課題を終わらせた。
1,修学旅行でフランスに行った。
1,修学旅行で奈良、京都に行った。
1,秋葉原にパソコンのパーツを買いに行った。
1,秋葉原に立ち寄ったら偶然好きなイラストレーターの個展がやってた。
1,終電なくて歩いて帰るのが癖になりすぎて、定期圏内なのに歩いて帰ってる。
1,集めたミニチュアを飾って楽しんだ。
1,従妹と遊んだ。
1,渋谷に行ったけど、若者の街って感じだった。
1,宿題が無事に終わってよかった。
1,春休みに入った。
1,春休みに友達とスキーに行って楽しかった。
1,初めていきなりステーキのステーキを食べた。
1,初めてカニの刺身を食べた。
1,初めて体験したVRが面白かった。
1,初めて買ったカップ麺が美味しかった。
1,初詣に行った。
1,除夜の鐘を突きに行った。
1,小学生のころ、公園でサッカーをよくしていた。
1,小学生のとき、よく友達と駄菓子屋に行っていた。
1,小説の最終巻を読んで、感動した。
1,小説を読んだ。
1,松葉杖をもって電車に乗車したら席を譲ってもらえた。
1,焼肉に行った。
1,焼肉を食べた。
1,上野動物園でハシビロコウを見て、可愛いと思った。
1,色っぽい夢を見た。
1,色んな人とお話できました。
1,食べたくなったのであん肝を作った。
1,心待ちにしていた小説の新作が発売された。
1,新しいスマホのアプリを見つけた。
1,新しいスマホを買った。
1,新しいダウンジャケットを買った。
1,新しいモニターを買った。
1,新しいラーメン屋ができたので行ってみた。
1,新しい鞄を安価で購入できて、嬉しかった。
1,新しい友達が出来た。
1,新しく始まった可愛いキャラのゲームに癒された。
1,新しく買ったアロマオイルが良い感じだった。
1,新宿でギターを見た。
1,新宿のカメラ屋を巡って、掘り出し物を買うのは楽しい。
1,新発売のジュースが美味しかった。
1,親からおこずかい貰った。
1,親しい友人と映画を見に行った。
1,親戚の家でおせちをたべた。
1,人生で初めて飛行機に乗った。
1,推しの新しい服が可愛い！
1,水族館に行ってイルカショーを見た。
1,数年ぶりに友達と遊園地に行って、とても楽しかった。
1,成人した。
1,成人式で中学の友人と再会した。
1,成人式のお祝いに時計をもらった。
1,成人式の前日に高校のクラスの人とほぼ全員集まって同窓会をし、楽しかった。
1,晴れたので洗濯物を外に干せる。
1,晴れていたので散歩をした。
1,正月に家族と初詣に行った。
1,生垣の花が奇麗だった。
1,昔は拒否反応を起こしていた絶叫系アトラクションに乗れるようになってよかった。
1,昔作ったプログラムを再コンパイルしたらサイズが小さくなった。
1,節約のために、決めた金額以上は使わないように計画した。
1,雪合戦をやりまくった。
1,先生にテストの点数を褒められて嬉しかった。
1,先輩とエビを食べにいった。
1,先輩と野球観戦をしに行った。
1,先輩の誕生日会をやった。
1,千葉のお土産は、桜が入っていてよくできていた。
1,川崎で、きれいな景色が撮れてよかった。
1,浅草に行ったので雷門が見れてよかった。
1,洗濯物がよく乾くいい天気だった。
1,前からやっていたゲームをクリアした。
1,前の布団が小さいので新しいものを購入した。
1,前々から欲しかったVRゴーグルをを購入した。
1,掃除をしていたら掘り出し物を見つけた。
1,早朝から飼い犬の散歩に行き気持ちが良い。
1,送ったパッチが採用されて、リリースノートに自分の名前が載った。
1,続いていた風邪がようやく治ってよかった。
1,卒業旅行で大阪に行った。
1,大学の編入試験に合格した。
1,大宮でチーズタルトを買った。
1,大掃除はやっぱり気持ちがいい。
1,大変なレポート課題がやっと終わった。
1,大変な課題を終えた後の爽快感は最高だ。
1,第３希望の企業から内々定を頂いた。
1,第一希望の研究室に配属することができた。
1,第一志望の大学に合格した。
1,卓球で負けたが課題が見つかったのでよかった。
1,卓球の試合で勝利できてうれしかった。
1,脱出ゲームで無事脱出することができてうれしい。
1,単位取れたか不安だった科目の単位が取れていて安心した。
1,誕生日プレゼントに時計をもらった。
1,団体戦で自分は負けたが、チームは勝った。
1,男二人でショッピングをした。
1,知り合いがテレビに映っているのを見かけた。
1,知人に勧められて見た動画が面白かった。
1,知人のサイトに面白い記事が載っていた。
1,地元の友人と久々に会って遊んだ。
1,中学の友人と初詣に行った。
1,中学校の友達との同窓会に参加して、当時を思い出した。
1,中学時代の友人とばったり駅で会った。
1,中野でジャンクレンズを500円で購入。
1,抽選が当たった。
1,抽選で1000円引きクーポンがもらえた。
1,抽選に当たった。
1,昼ご飯にドーナツを食べて美味しかった。
1,昼休みに担々麺を食べた。
1,昼食にコロッケを食べた。
1,注文していたGIANTのクロスバイクが届いた。
1,朝、時間通りに起床できたので気分が良い。
1,朝、早起きしてランニングをしてとても疲れた。
1,朝からランニングして気持ちいい。
1,朝から遊園地で遊びまわった。
1,朝の電車がいつもより空いていた。
1,朝起きたらテーブルに昼食代が置かれていた。
1,朝起きれなかったので通学にロマンスカーを使った。
1,朝目覚ましが鳴る前に起きた。
1,珍しい雲を見た。
1,追ってた小説の新刊が2年ぶりに出て嬉しい。
1,通販でゲーム機を買った。
1,定期忘れて久々に切符買ったらゾロ目。
1,弟と腕相撲をして、勝ってうれしかった。
1,天気が良かったので布団を干した。
1,天気予報が外れて雨が降らなくてよかった。
1,店員として客の要望に応えられると少しうれしい。
1,電気代節約の成果が出て感動した。
1,電池の持ちがいい。
1,登校中、子ネコを見かけた。
1,努力が報われた。
1,冬は鍋料理が美味しい。
1,東京たまご、美味しかった。
1,東京ドームへプロ野球観戦に行った。
1,東京駅で買い物をした。
1,道を歩いていたら猫に出会った。
1,読んでいた本の新刊を買った。
1,二十歳を超えても、お年玉がもらえた。
1,日曜日に友人と映画を見に行った。
1,入浴中に読書をした。
1,猫が脱走してしまったが帰ってきた。
1,年賀状に使う写真が上手く撮れた。
1,年末の大掃除で窓掃除をした。
1,年末年始アニメが面白かったので、来年の年末年始も楽しみだ。
1,排水溝から小銭が見つかった。
1,買い物の帰りにクレープを買って食べた。
1,買い物はいいストレス発散になる。
1,博物館に男二人で行った。
1,八重歯のある子がかわいいと感じた。
1,八丈島で島寿司をはじめて食べておいしかった。
1,発表会で緊張したが、無事に終わることが出来た。
1,抜き打ちテストだったが、思ったよりも解けてうれしかった。
1,彼女ができた。
1,美味しいステーキをご馳走してもらった。
1,美味しいステーキを食べた。
1,美味しいハンバーガー屋に行った。
1,美容院に行ったら良い感じの髪型になった。
1,美容院に髪を切りに行った。
1,父親の会社の商品をお店で見かけた。
1,部屋の大掃除をしたら懐かしいものがたくさん出てきた。
1,部屋をきれいにすると、とても気分がいい。
1,部屋を整理していたら１００円玉を見つけた。
1,部屋を掃除してすっきりした。
1,部活のOBとの懇親会でいろんな話を聞けた。
1,部活のみんなでご飯を食べに行った。
1,服を買いにショッピングセンターに行った。
1,物体が落とす影の表現方法を理解することができた。
1,文化祭の劇をクラスのみんなでやり遂げた。
1,勉強のかいがあってテストは余裕だった。
1,母がお土産を買ってきた。
1,母が誕生日だったのでプレゼントをあげた。
1,母と近所の駐車場で運転の練習をし、運転スキルが上達した。
1,母校の文化祭に顔を出してきた。
1,母校の文化祭に遊びに行った。
1,母親の誕生日に焼肉に行った。
1,放課後にアーティストのライブに行ってきた。
1,豊洲の映画館に映画を観に行ったがとても面白かった。
1,本屋に行ったら、偶然友達に会った。
1,本場の長崎で食べる長崎ちゃんぽんは一味違った。
1,本棚を整理してきれいにした。
1,麻婆豆腐が食べたくなったので食べて帰った。
1,妹がお土産で買ってきたホワイトコーヒーが美味しかった。
1,妹から突然誕生日プレゼントをもらった。
1,妹と池袋にらーめんを食べに行った。
1,妹の成人式祝いでイタリアンを食べた。
1,毎週月曜日は朝少しゆっくりできる。
1,毎年恒例フェリーで伊豆諸島。
1,漫画の新刊を買ってきて読んだがとても面白い。
1,漫画を全巻そろえて、うれしかった。
1,味噌とんこつラーメンがとてもおいしかった。
1,無事に発表が終わって良かった。
1,無事研究室配属が決まった。
1,名古屋で味噌カツやひつまぶしを食べ、美味しかった。
1,明日、待望の映画が上映されるので楽しみだ。
1,明日の休日は久々に友人とボーリングに行く予定だ。
1,免許の更新に行ってきた。
1,面白いラジオを見つけた。
1,面白い漫画を新たに見つけた。
1,面白そうな本を見つけた。
1,蒙古タンメン初めて食べたけど辛うまかった。
1,目の充血が治った。
1,餅つき大会に参加した。
1,夜勤明けでカーリング初体験してきた。
1,友人がお見舞いにケーキをくれた。
1,友人からケーキを頂いた。
1,友人たちとの山口県２泊３日旅行が楽しすぎた。
1,友人とお酒を飲んだ。
1,友人と休日にサイクリングをした。
1,友人と有楽町で飲み会をして、楽しかった。
1,友人に頼られた。
1,友人へのプレゼントは喜んでもらえた。
1,友達３人でディズニーシーに行って楽しんだ。
1,友達がアルバイトをしているラーメン屋に行った。
1,友達が勧めてくれたゲームは面白いだけじゃなくBGMも素敵だった。
1,友達とキャッチボールをした。
1,友達とゲームをしていたら、いつの間にか日の出を迎えていた。
1,友達とコミケに参戦。
1,友達とご飯を食べに行く約束をしたから楽しみ。
1,友達とご飯を食べに行った。
1,友達とさし飲み。
1,友達とドライブしに長野県へ行った。
1,友達とのカラオケは楽しい。
1,友達と映画を観に行った。
1,友達と映画を見に行った。
1,友達と夏休みにバーベキューをした。
1,友達と激辛ハンバーガーを食べに行った。
1,友達と秋葉原に遊びに行った。
1,友達と上野に遊びに行く約束をする。
1,友達と仲直りをした。
1,友達と遊園地に行った。
1,友達に関数電卓を借りた。
1,友達に告白された。
1,友達の家で鍋パーティをした。
1,友達数人で初めてニコバーに行った。
1,有楽町駅でサンタクロースっぽい外国人のおじさんを見た。
1,有名政治家の選挙カーに出くわした。
1,夕食にカレーを食べたら美味しかった。
1,夕食は豪華にしゃぶしゃぶだ。
1,夕飯が高級な肉だった。
1,夕飯のドリアが美味しかった。
1,夕飯は焼肉で嬉しかった。
1,夕飯をおごってもらって嬉しかった。
1,夕方から期末試験の勉強をがんばった。
1,予約完了、到着が楽しみ。
1,幼稚園時代からの幼馴染から連絡がきた。
1,洋服屋に服を買いに行き、良い服が見つかったのでよかった。
1,欲しい靴があったので買った。
1,欲しかったものを格安で手に入れた。
1,欲しかったやつが出た、うれしい！
1,欲しかったロードバイクをついに買えた。
1,欲しかった本を古書店で見つけた。
1,来るときには雨が降っていたが、帰るときには止んでいた。
1,溜まっていた洗い物をした。
1,旅行に行く計画を立てて、わくわくする。
1,旅行の計画をした。
1,旅行の計画を立てた。
1,良い天気だったので犬の散歩に出かけた。
1,贔屓の球団の選手が活躍して嬉しい。
3,15時間も寝てしまい、一日を無駄にした気分だ。
3,１限からの登校はバスが混んでいて辛い。
3,1年ぶりくらいに起動した自分のデスクトップPCのパスワードがわからなくて入れない。
3,３日ぶりの部活は堪えた。
3,3日続けて悪夢を見て、嫌な気持ちになる。
3,３年弱続けてきたバイトを辞めることになると少し寂しい気持ちになる。
3,９時間も寝た。
3,DirtyAndroidsの新譜買い忘れた。
3,iFaceのオレンジ色どこ行っても置いてない。
3,iPhoneの調子が悪い。
3,iPhone下取りしてもらえませんでした。
3,OSのアップデートに失敗し、起動しなくなった。
3,PCが起動できなくなった。
3,PUBGというゲームをしていたらチーターに遭遇した。
3,Pythonの勉強をしたが難しくてよくわからない。
3,SDカードを無くした。
3,TOEICが全く解けなかった。
3,TOEICの点数が低くて残念だった。
3,TVで見た猫検定をやってみたら、難しい。
3,Wi-Fiルータが壊れ、インターネットが使えなくなった。
3,Windowsのアップデートに失敗して、初期化することになった。
3,あと少しという所で負けてしまった。
3,アルバイトで違算を出してしまった。
3,アルバイト先で酔ったお客に絡まれた。
3,あれ、足りると思ってたら足りないんですけど。
3,行きつけの店が潰れてしまった。
3,いじめで自殺者が出たというニュースを見て、悲しくなった。
3,いつの間にか携帯電話の電池が切れていた。
3,いつも購入しているお菓子が品切れだった。
3,いつも使っているボールペンをなくしてしまった。
3,いつも使ってる電車が止まってたから、振替輸送を使って帰宅した。
3,いつも使ってる髭剃りが壊れた。
3,イヤホンが壊れた。
3,インターンシップに行ったが、自分の力を発揮できなかった。
3,インフルエンザにかかった。
3,インフルエンザにかかり、熱と吐き気に襲われて辛かった。
3,インフルエンザの予防接種に連れて来られました。
3,うーわ、ミスったぁ。
3,エアコン壊れてて死にそうだった。
3,エラーが解決されないので悩んだ。
3,おなかペコペコですよ。
3,おなかを壊した。
3,おにぎりがあまり美味しくなかった。
3,オンラインゲームで回線が悪くて、思うようにゲームができなかった。
3,お気に入りのイヤホンが壊れた。
3,お気に入りのシャーペンを失くした。
3,お気に入りの腕時計をなくしてしまった。
3,お金が、ない。
3,お金がない。
3,お酒を2杯飲んだら頭が痛くなった。
3,お酒を飲みすぎてしまい、頭が痛い。
3,お酒を飲んだ次の日、お腹の調子が悪かった。
3,お酒を飲んだ翌日に寝坊した。
3,お昼は質素におにぎり1個だけ買った。
3,お風呂にiPhoneを沈めてしまった。
3,お風呂のフタがとうとう壊れてしまった。
3,お腹すいた。
3,お腹壊した。
3,ガチャドブった。
3,ガチャを回しても、欲しいキャラが出なかった。
3,かばん開けたら財布入ってなかった。
3,ガムを食べすぎてお腹を壊した。
3,カラオケのせいで、喉がガラガラになった。
3,カレーを服にこぼしてしまったため、悲しい。
3,代わり映えのないメニューに飽きてきた。
3,ギターのエンドピンが壊れる。
3,今日のイベント、つまらなかった。
3,嫌いな虫と遭遇。
3,くしゃみと鼻水が止まらなくなった。
3,ケータイで志望動機とかの文章書いてると、途中無意識で「笑」とか語尾に付いてて危うい。
3,ゲームで思うように動けなかった。
3,ゲームのアップデート早く終わってほしい。
3,ゲームのやりすぎで目が痛い。
3,ゲームの敵が強すぎて勝てない。
3,ゲームの発売日が延期になって、とても悲しかった。
3,ゲームをしていたら一日が終わって後悔した。
3,ゲーム機の容量が足りなくなってきた。
3,ケガをしてしまったせいで行くはずの旅行に行けなかった。
3,ゲリラ豪雨にやられた。
3,コーヒー飲みすぎたせいで、お腹が痛い。
3,この時期の耳鼻科は、とても混んでいる。
3,この授業よくわからない。
3,ごみ袋が重いので捨てるのがしんどい。
3,これから行うプレゼンテーションがとても不安で緊張している。
3,今月は収入が少なかった。
3,コンビニでお昼ご飯を購入したら885円もかかってしまった。
3,ご飯が美味しくなかった。
3,サークルをやめてしまった。
3,ささいなことで母親とけんかしてしまった。
3,ささくれが出来た。
3,サポートセンターに問い合わせてみたが、質問の趣旨が理解されなかったらしい。
3,さぼり癖が治らない。
3,しばらく見ないうちにいろいろなことが変わっていて、把握するのに手間取った。
3,スケジュール管理に失敗して、約束を破ってしまった。
3,ずっと読んでいた漫画が完結した。
3,ずっと鼻水が止まらなかった。
3,ストライキのせいで電車が運休してた。
3,ストレスで病気にかかってしまった。
3,スピード違反でしょっぴかれた。
3,スマートフォンが壊れかけている。
3,スマホのOSをアップデートしたらアプリが使えなくなった。
3,スマホのイヤホンジャックが壊れて嫌な気分になった。
3,スマホの画面が割れてしまった。
3,セーターが縮んでしまってショックだった。
3,せっかくの飲み会だったけど、あまりお酒は飲めなかった。
3,せっかく並んだのに何も買えないとは。
3,センター試験の模試の結果が悪くてショックだった。
3,タートルネック着ているけど寒い。
3,大会出場を逃してしまい悲しい。
3,タイムが縮まんない。
3,たくさん歩いて疲れた。
3,たくさん勉強したのに、テストがまったく解けなかった。
3,タクシーが捕まらなかったので、歩いて帰って来た。
3,ダラダラしすぎて、研修の予習がろくにできなかった。
3,チケット外れた。
3,知人が入院したらしい。
3,ちょっと休むつもりがかなりの時間が経っていた。
3,ついつい夜更かししてしまった。
3,疲れて目が痛い。
3,つまづいて骨折してしまった。
3,テストがいつまでも続く。
3,テストで失敗した。
3,テスト終わったら何しようかと考えすぎてテスト勉強をしていない。
3,テスト全然わからなかった。
3,テスト勉強で遅くまで起きていて疲れた。
3,テスト勉強をした。
3,トラブルによって会社から指示された課題を遅れて提出してしまった。
3,どんどん授業が難しくなっていく。
3,なぜかお腹が痛い。
3,なぜか咳が止まらない。
3,なんか今日思ってた3倍暑いのやけど。
3,なんか電車止まってたから歩いて帰った。
3,なんでまだ暗いのに起きなきゃいけないんだか。
3,なんでも後回しにする癖のせいで課題はいつも徹夜でこなすことになる。
3,なんで電車遅れるかな。
3,なんで東京なのにこんな寒いの。
3,なんとなくテレビを見ていたが面白くなかった。
3,なんとなく体調が良くなかったので、今日は寝ていよう。
3,ネタがシャリよりも小さかった。
3,ノートパソコンの性能があまり良くない。
3,ノート買って帰ろうと思ったのに忘れた。
3,バイト５連勤で疲れた。
3,バイトが辛かったので、辞めた。
3,バイトが長引いて最悪だった。
3,バイトで客に怒られた。
3,バイトで失敗をしてしまい、落ち込んだ。
3,バイトで新しいことをして大変だった。
3,バイトで疲れた。
3,バイトで疲れて家に帰ったら、すぐにソファーで寝込んでしまった。
3,バイトのレジでマイナスを出してしまった。
3,バイトの連勤で疲れた。
3,バイト先が異常に混んだ。
3,バイト先でミスをして先輩に怒られた。
3,バイト先で怒られた。
3,バイト中とても眠かった。
3,バイト中にお客さんからクレームをもらった。
3,バイト中に手を挟んだ。
3,バスケでケガしてしまった、痛い。
3,パスタ用の麺がなくなった。
3,パスワードを忘れて、問い合わせが面倒だった。
3,パソコンからウィルスが検出されて少し驚いた。
3,パソコンが突然シャットダウンしてデータが消失した。
3,パッチ同士が競合してうまく当たらなかった。
3,バッティングセンターに行ったが一回も当たらなかった。
3,ビーサンが電車の扉に挟まれる悲劇。
3,ビールの苦さがどうにもまだ慣れない。
3,ひげ剃りをしないで外出した。
3,ファイルのデータを保存し忘れた。
3,ふと気が付いたら真夜中になっていて、明日朝早いので後悔した。
3,プリンターの調子が悪くてお母さんが困っていた。
3,プリンタのインクがなくなったので印刷できなかった。
3,プログラミングの勉強をしているがなかなか理解ができない。
3,プログラムが全然思った通りに動かないんですけど。
3,プログラムのバグが取れない。
3,プログラムを公開しようとしたらエラーが出た。
3,プロテクターが3枚必要なことに気づく。
3,ペペロンチーノを作ったが、うまく乳化せず失敗した。
3,ボウリングをしたらスコアが23だった。
3,ボーリングでガターを連発してしまった。
3,ボーリングを10ゲームやって、スコア100を1度も超えることが出来なかった。
3,ボールペンがことごとくインク切れで書けない。
3,迷子になった。
3,また課題出された。
3,また風邪ひいた。
3,メガネをかけながら寝たせいで、メガネ壊れちゃった。
3,めちゃくちゃ外が寒く、風邪をひきそうだった。
3,めっちゃ寒いのに薄着してきてしまった。
3,メンテナンスが終わったと思ったら、今度はサーバが混雑でなかなか出来ない。
3,もたもたして電話を取り逃した。
3,やばいやばいやばいPCがグラボ認識してない。
3,よく通っていた近くのTSUTAYAが閉店した。
3,ライブのチケットに落選してしまい悲しい。
3,レジを失敗したので店長から注意された。
3,レジを打ち間違えて、お客様と上席者の両方から怒られた。
3,レストランで飲み物をこぼして恥ずかしかった。
3,レポート作成に追われて忙しかった。
3,安売りしていたゲームをたくさん買ってしまい、お金がない。
3,以前よりおでこが広がってきた気がする。
3,移動が長距離すぎて、体調崩した。
3,違法なサイトが横行していて、腹立たしい。
3,一人暮らしの兄が実家に帰ってきた。
3,一日を振り返っても嬉しいことが見当たらなかった。
3,一日中机に向かっていたら腰を痛めて辛い。
3,一日中宿題しても終わらなかった。
3,飲みすぎて二日酔い。
3,飲食店バイトで覚えが悪くて、よく怒られていた。
3,雨が降ったので最悪だった。
3,雨が止まないので洗濯することが出来なくて困った。
3,雨だからって久々にサンダルじゃなくて靴はいたのに、雨強すぎて靴下までビッショリや。
3,雨のせいで電車のダイヤが乱れていて、授業に遅刻した。
3,雨の予報を見逃して、雨に打たれた。
3,雨降ってるのに傘持ってない。
3,英語の授業で難しい課題が出されて大変だ。
3,英文法の勉強をしていたが、あまり分からなかった。
3,液晶画面の見すぎで目が疲れた。
3,駅で外国人の人に道を聞かれて困った。
3,駅前の椋鳥うるさすぎる。
3,塩の味しかしない。
3,横浜線が1時間遅れとは予想外だった。
3,横浜線でビニールが付着したため運転停止中なので遅れそう。
3,音楽を聴きながら作業をしたけど集中できなかった。
3,仮免許に落ちて悲しかった。
3,夏祭りの日にちを勘違いしていて、無駄足を踏んでしまった。
3,家から学校まで２時間かかる。
3,家にゴキブリが出た。
3,家のブルーレイレコーダーが壊れた。
3,家の雨漏りがひどくて大変だった。
3,家の鍵を忘れて家に入れなくなった。
3,家の中がサウナ。
3,河原のゴルフ場完全に水没してる。
3,花粉のせいで一日中くしゃみが止まらなかった。
3,会社の面接に落ちてしまった。
3,回線に障害が発生していたため、メールが送れなかった。
3,海ほたるで大渋滞に巻き込まれた。
3,階段で転んで腕時計を壊してしまった。
3,学校からの帰り道で変なおじさんに絡まれた。
3,学校に学生証を忘れてしまった。
3,学校に遅刻した。
3,学校に泊まった。
3,学校の課題が終わらないのでつらい。
3,学校の課題に追われる。
3,学校の階段でつまずいて、怪我をした。
3,学校へ行ったがだるくて帰る。
3,学食で昼ご飯食べようと思ったら、開いてなかった。
3,学食に久しぶりに行ったが、値段の割に美味しくないと思った。
3,学生証を落として学生課へ取りに行った。
3,学務課に用事があるのにバスに乗ってしまった。
3,楽しみにいていたアプリの配信が延期した。
3,楽器を持って外に出るといつも雨。
3,割りばしのとげが刺さって痛かった。
3,乾燥してきて、肌荒れがすごいことになってきた。
3,寒くなってきて引きこもりがちになっている。
3,寒さに負けて、まだつけないはずの暖房をつけてしまった。
3,甘酒で大やけどし、水ぶくれができた。
3,間違えて興味のない本を買ってしまった。
3,顔に新しいニキビが出来た。
3,寄り道したから、思ったより帰るのが遅くなった。
3,机の高さが合わず、肩が痛くなってしまった。
3,期待していた映画がイマイチだった。
3,期末テストの成績が悪かった。
3,帰りが遅くなって、母親に怒られた。
3,帰りに犬のフンを踏んだ。
3,帰りの電車で寝過ごしてしまった。
3,帰り道が渋滞している。
3,帰る途中に突然雨が降ってきた。
3,気が散って勉強が全く進まなかった。
3,起きたら午後三時半だったので、愕然とした。
3,久しぶりに、電車で寝過ごした。
3,久しぶりに自転車乗ったら、タイヤがパンクしてた。
3,久しぶりに洋服を買いに行ったので、思ったよりも散財してしまった。
3,久々にダーツしたら、ひどいもんだった。
3,休日なのに家から出るのが面倒臭かった。
3,急な雨のせいでずぶ濡れ。
3,給食のスープに虫が入っていた。
3,給料が思っていたより入ってなかった。
3,教科書買ったけど、すごい高かった。
3,教室が暑かった。
3,教室の冷房が強すぎて寒かった。
3,玉ねぎのにおいが手についた。
3,禁酒を決意したのが昨日、酒を飲んだのが今日。
3,筋トレ始めるも３日も経たずしてあきらめた。
3,筋トレ用のダンベルを買ったが、置く場所を考えていなかった。
3,筋肉痛がひどい。
3,緊急地震速報が突然鳴ってびっくりした。
3,緊張で全然眠れなかった。
3,空気が乾燥していて喉が痛くなる。
3,空港まで電車で行ったけど、遠かった。
3,空腹だと無駄に買い物をしてしまう。
3,空腹になると腹が鳴る癖が治らなくて本当に困る。
3,靴が雨に濡れて汚れた。
3,携帯の液晶が割れた。
3,携帯電話が通信制限で全く使い物にならない。
3,結構眠いけど授業頑張った。
3,嫌味を言われた。
3,犬の喧嘩に巻き込まれてケガをした。
3,犬の糞踏んだ。
3,研究室に来たが、いまいち研究が進まない。
3,研修の課題が終わらなくて悔しい。
3,肩が凝って痛い。
3,見たかったドラマの録画を忘れた。
3,限定品買えなかった。
3,口内炎がたくさんできてしまった。
3,好きだった飲み物が製造停止になってしまった。
3,好きだった漫画の連載が終了した。
3,好きなドラマが終わってしまった。
3,好きなメンバーが引退してしまって悲しい。
3,好きな子に彼氏がいた。
3,行きつけのラーメン屋のラーメンがおいしくなかった。
3,講義中に寝てしまった。
3,購入間近で唐突な値上げがあった。
3,高校の合格発表日に受験票を無くした。
3,高校を卒業してから一年で20kg太った。
3,高校生になってから急に視力が落ちた。
3,合宿の登山で雨が降ってとても大変だった。
3,腰が痛い。
3,骨折の手術を行った。
3,今回のガチャの結果は最悪だった。
3,今朝から脚のしびれがが強すぎて、歩けない。
3,今朝は景気のいいニュースが少ない。
3,今日、秋葉原に行ったらラジオ会館が休館日だった。
3,今日のバイトはいつもより疲れた。
3,今日の運勢で最下位だった。
3,今日の試験、難しすぎて全然分からなかった。
3,今日は、特に寒いな。
3,今日はゴミ捨ての日なのに、寝坊して出しそびれてしまった。
3,今日はランニングをサボった。
3,今日は一日中バイトだった。
3,今日は一歩も外に出なかった。
3,今日は季節外れに暑かったので、びっくりした。
3,今日は久々に寝坊をしてしまった。
3,今日は腰が痛くて作業が進まなかった。
3,今日は寝不足で体がだるい。
3,今日は寝坊してしまって授業に出られなかった。
3,今日は早く寝たいのにいつも通り課題がたんまりあるので寝れない。
3,今日は電車の遅延があって学校を遅刻した。
3,今日みたいに寒い日は嫌い。
3,今日も天気が悪くて気分がよくない。
3,左手の薬指ドアに挟んで痛い。
3,最悪、寝過ごしたぁ。
3,最近、やらなければいけない事に手がつかない。
3,最近、よく病院にかよっている。
3,最近、太ってきた。
3,最近、部屋の掃除ができていない。
3,最近TVで映画を流さなくなって寂しい。
3,最近外食ばかりでお金がない。
3,最近寒くなってきて風邪を引いた。
3,最近姿勢が悪いせいか腰が痛い。
3,最高温度37度だと、熱中症に注意しなければ。
3,最終面接で落とされた。
3,最低温度が0度以下だと寒すぎる。
3,財布のお金が残り少なくなり焦る。
3,財布を忘れて出かけてサザエさん状態なうや。
3,作成したプログラムが何回試してもうまくいかなかった。
3,昨日の飲み会楽しすぎて、途中記憶ないのだけれど、気がついたら足捻挫してて笑う。
3,昨日は音楽をだらだら聴いていたら２時間ぐらい経ってた。
3,昨日は何かしようと思ってPCを起ち上げたのに、何がしたいか忘れてしまった。
3,昨日は家で授業の復習をしないとなって思ったけど、結局できなかった。
3,皿洗い中に食器をいくつか割った。
3,仕方ないとはいえ、ゲームのローディング時間が長いのは少しいらつく。
3,使っていたスマホが壊れた。
3,視力の衰えを感じる。
3,試験に腕時計持ってくの忘れて焦った。
3,試験前にインフルエンザにかかった。
3,資格の試験が不合格だった。
3,資格の試験に落ちた。
3,資格試験の勉強をしたが、あまり集中できなくて残念。
3,歯が痛い。
3,歯磨き中に口を思いっきり切った。
3,耳が痛かったので耳鼻科に行った。
3,自作PC用のメモリを購入したが高かった。
3,自室のエアコンが壊れた。
3,自転車で外出しようと思っていたが、天気予報は雨だった。
3,自転車で車に轢かれそうになった。
3,自転車で派手にこけてしまった。
3,自転車の鍵を無くしてしまった。
3,実験が長引いて帰るのが遅くなった。
3,実験に失敗した。
3,実験協力をしたが、うまく実験できず迷惑をかけてしまった。
3,車に轢かれそうになった。
3,手袋を片方落した。
3,授業の課題が多すぎて終わらなくて辛い。
3,授業の単位を落としてショックだった。
3,授業の内容が分からない。
3,授業中、寝ていたので注意された。
3,授業中に寝てしまった。
3,周りはアプリの話で盛り上がっているが、スマホ持ってない僕には全くわからない。
3,就活は、大変だな。
3,就職活動はなかなか大変だ。
3,充電ケーブルが断線してしまった。
3,渋谷の映画館上映中に携帯見るやつ多すぎじゃね？
3,宿題が出来なくて、徹夜になりそうだ。
3,宿題全然終わらないので今日は徹夜だ。
3,祝日だからららぽ混んでる。
3,祝日なのに電車が込んでいて辛かった。
3,出かけようと思ったら雨が降ってきた。
3,出かける予定の日なのに、天気予報は雨だった。
3,初めてスノボやったけど、難しかった。
3,初日の出を見に海に行ったが寒いし眠いし辛かった。
3,暑くて脱いだ上着を忘れてきてしまった。
3,女の子に「冷たい」と言われた。
3,将来の夢が特にない。
3,小指を箪笥の角にぶつけた。
3,上級生に跳ね飛ばされて三針縫った。
3,食べたいクッキーがあってコンビニを探したけど、なかった。
3,寝不足で電車に乗ったら気持ち悪くなってしまった。
3,寝不足の時の車酔いすごい。
3,寝坊して怒られてしまった。
3,寝坊をして起きたらもう昼だった。
3,新しいゲーム欲しいけど、試験期間だから買うの我慢した。
3,新しく聞き始めたラジオがつまらなかった。
3,新作の映画を見に行ったが、つまらなかった。
3,新人同士でシフトを組まされ、大変だった。
3,神保町の書店に行って散財してしまった。
3,親が風邪をひいてしまい、看病をした。
3,親と大喧嘩をした。
3,親指包帯グルグル巻き。
3,親知らずとったけどめっちゃ痛い。
3,人身事故の影響でいつもより帰りが遅くなった。
3,人生で初めて誕生日に学校があった。
3,図書館でお気に入りの席に先客が居た。
3,推しのグループが解散してしまった。
3,睡眠時間は多いはずなのに、日中の頭の働きが鈍かった。
3,睡眠不足で、授業中ずっと眠かった。
3,酔っ払いに絡まれた。
3,酔っ払ってると電車逆方向乗るからダメ。
3,数学のテストで4点をとった。
3,成人式に行かなかった。
3,成績見たら、物理の単位落としてた。
3,政治家の不祥事が発覚したとニュースが報じていた。
3,正月に欠けた歯が、気づかぬうちにまた欠けている。
3,正月明けは、疲れる。
3,正午に起きて、少し時間を損した。
3,接客業は辛い。
3,雪かきしたら腰が痛くなった。
3,雪がめっちゃ降って寒かった。
3,雪が降っていたのでめっちゃ寒い。
3,雪が降りそうな中、登校するのは辛い。
3,雪が積もったので雪かきをした。
3,先生に怒られた。
3,先生の説明がよくわからない。
3,全身筋肉痛で一日動けなかった。
3,祖父が亡くなった。
3,足首をひねってしまった。
3,卒業旅行の計画が大変だ。
3,他大学の友達の近況を聞いたら、最近寝てないらしくとても心配。
3,体が痛くて買い物をするのも一苦労。
3,体育の授業中に左足首を捻挫をした。
3,体重が増えていたのに気付く。
3,体調が悪いので大学を休んだ。
3,体調をくずした。
3,台風で近所の川が溢れそうになってそわそわした。
3,大学の課題が終わらず徹夜をした。
3,大学の課題を溜めすぎて、一気に消化するのが大変だった。
3,大学の講義で慣れないプレゼンをしたら、全然うまくプレゼンできなかった。
3,大好きなアニメが最終回を迎えてしまい、寂しい。
3,大切なシャーペンを無くした。
3,宅配ピザがなかなか来なかった。
3,単語帳を失くした。
3,弾くと指がとても痛くなるので、辛い。
3,段差で転んでけがをした。
3,地元で嫌いな人と会ってしまった。
3,地元のスーパーが閉店したせいで、不便になった。
3,地震速報でびっくりした。
3,遅刻した。
3,中学の友達と酒を飲み過ぎてしまい、記憶を飛ばしてしまった。
3,中学生以来歯医者に行ってないのでかなり不安。
3,仲の良かった友達が遠くへ引っ越してしまった。
3,仲のいい友達とけんかした。
3,昼に起きて一日を無駄にした。
3,昼間から眠い。
3,昼寝が長すぎて、昼夜逆転してしまった。
3,昼寝をして悪夢を見た。
3,駐車に失敗して車を当ててしまった。
3,朝からいろいろあって、寝不足。
3,朝からずっとパソコンの画面を見てたから目が痛い。
3,朝から少し咳が出る。
3,朝から電車が遅延してて萎えた。
3,朝から晩までバイトだった。
3,朝が寒すぎて最近よく２度寝するようになった。
3,朝帰りしてベッドで寝て、起きたら17時を過ぎていた。
3,朝起きるのがしんどい。
3,朝早く起きるのはつらい。
3,町に一つしかない本屋が閉店してしまった。
3,長時間の移動は疲れる。
3,長年一緒に行動した友人が引退した。
3,椎間板ヘルニアになってしまった。
3,椎間板ヘルニアを患ってしまった。
3,通学に使う自転車をパンクさせてしまった。
3,低い段差につまづいて転んだ。
3,定期の更新を忘れて一般料金で乗車した。
3,定期入れどっかいった。
3,庭の草むしりをしたら靴が汚れた。
3,徹夜で試験勉強をした。
3,天気が悪かったので流星群が見れなかった。
3,天気予報ではくもりって言ってたから傘持ってかなかったのに、雨が降ってきて最悪だった。
3,展示会に行ったが、目新しいものは特になかった。
3,店が1時でもとても混んでいた。
3,転んで大ケガをした。
3,点数が悪かったので、単位を落とした。
3,電子機器を新調したが、使いにくくてしかたがない。
3,電子辞書を使おうと思ったら、電池が切れてた。
3,電車が凄く混んでいて大変だった。
3,電車が遅延して授業に遅刻しそうになった。
3,電車が遅延して授業に遅刻した。
3,電車が動かない。
3,電車が目の前で閉まって発車してしまった。
3,電車でサラリーマンに足を思いっきり踏まれた。
3,電車で横入りされた。
3,電車で音漏れをしている人がいて、うるさかった。
3,電車で居眠りして、駅を通り過ぎそうになった。
3,電車で寝ていたら二駅乗り越してしまった。
3,電車で寝過ごした。
3,電車に乗って疲れた。
3,電車に酔った。
3,電車の中でレポートやろうと思ったけど、混んでて無理だった。
3,電車や信号に止められる1日だった。
3,電車を寝過ごした。
3,登校中、満員電車で押しつぶされた。
3,都会の駅は構造が複雑で、迷ってしまった。
3,都内で4年ぶりに大雪が降って大変だった。
3,冬になり朝起きるのがつらくなった。
3,冬は家と最寄り駅間10分歩くだけで寒さをすごく感じる。
3,冬休みの予定が何もない。
3,冬場の食器洗いはつらい。
3,東京行きの便が台風の影響で欠航になった。
3,動物が死んでしまう映画を見て、泣いた。
3,同期と昼食を食べに行ったが、会話が弾まなかった。
3,同僚が仕事をサボって不快な気分だ。
3,読む前の新聞を犬に食べられた。
3,読んでいる漫画が長期休載になってしまった。
3,突然来た事情知らない先輩にダメ出しされてきれそうだった。
3,豚丼の店なのに食券出す時に固めでお願いしますって言ってしまった。
3,二度寝したら一時だった。
3,二日酔いで一日中気分が悪かった。
3,日焼け止め塗り忘れたせいで、日焼けした。
3,熱が出た。
3,熱が出たから食欲が全くなかった。
3,熱が出て学校を休んだ。
3,年越しの灯油を用いたら煙くなった。
3,年末が近いので大掃除だ。
3,年末においしいものを食べ過ぎてしまい太った。
3,年末年始に40度の熱が出た。
3,派遣仕事で片道1時間半かけて職場に行った。
3,配信で使っているソフトが不調になった。
3,買うものを間違えた。
3,買ったばかりのスマートフォンをさっそく落とした。
3,買ったばかりの時計を壊してしまった。
3,買った弁当が不味かった。
3,買っておいたアイスが溶けてしまった。
3,八王子霧かかってる。
3,番組を録画し損ねて悲しい。
3,疲れがたまってるせいか、寝坊してしまった。
3,疲れていたので仮眠を取ったら朝になっていた。
3,疲れていたので早めに寝た。
3,美容院で理想の髪型の写真を見せたのに全然違う髪型になった。
3,病み上がりの運動はつらかった。
3,病院のご飯、決して少なくはないんだけどいつもの生活より回数少ないからそりゃお腹すくよね。
3,不規則な生活が続いているせいか朝食をとらないことが増えた気がする。
3,父の誕生日が知らないうちに過ぎていた。
3,父親と些細なことで喧嘩した。
3,部屋が散らかりすぎて掃除するのが大変だった。
3,部屋の片づけ中に発見した古いゲームカセットが壊れていて悲しい。
3,部屋を掃除したら虫の死骸がでてきた。
3,部屋を掃除していたら、ゴキブリに出くわした。
3,部活でトレーニングをして、とても疲れた。
3,風が冷たくてのどが痛い。
3,風邪をひいたので、近くの病院へ。
3,風邪をひいたので葛根湯を飲んで早く寝た。
3,風邪をひき、38度の熱が出て辛かった。
3,風邪を引いた。
3,風邪を引いてしまい病院にいった。
3,風邪引いてダウンしてます。
3,副鼻腔炎になってしまい、息がしづらい。
3,腹壊した。
3,物を壊した。
3,分析結果が思ったよりも良くなかった。
3,変な夢を見て、朝の目覚めがよくなかった。
3,片目だけコンタクト入らん。
3,歩きながらおにぎりを食べてたら半分以上落とした。
3,補講のせいで帰りが遅くなった。
3,母親が熱出して寝込んでるから、夕飯をコンビニで買ってく。
3,報われない恋物語を読んで、空しくなった。
3,忘れ物を取りに一度家に帰った。
3,忘年会に出席して飲みすぎてしまって気持ち悪かった。
3,墨汁で服を汚してしまった。
3,本屋で立ち読みして時間をつぶした。
3,本革の財布を濡らしてしまって、ピン札がATMで読めない程汚れてしまった。
3,本日中に配達予定の商品が全然届かない。
3,妹とけんかしてしまった。
3,妹の帰りが遅かった。
3,満員電車が辛かった。
3,満員電車で圧縮されすぎて、携帯電話の液晶が割れた。
3,満員電車で押されて怪我をした。
3,満員電車で酔って気持ち悪くなった。
3,満員電車はきつい。
3,漫画のページが折れて、悲しい。
3,漫画を買いすぎて、本棚に空きがない。
3,未読メールが大量にたまってしまっていた。
3,眠気がとれなくて何度も仮眠していた。
3,明日提出のレポートを終わらせるのがつらい。
3,明日締切のレポートがまだ終わってない。
3,目の前でドアが閉まった。
3,目の前で扉を閉められて電車が行ってしまった。
3,目覚まし時計の電池が切れていて、寝坊した。
3,貰ったタバコを吸いきれず捨て、勿体ないと感じた。
3,夜なのに眠れない。
3,夜の遅い時間にインターホンを鳴らされてびっくりした。
3,夜勤の仕事に慣れてしまい昼夜逆転してしまった。
3,夜遅くまで起きていたせいで寝坊した。
3,夜中にゲームをやりすぎて夜更かしをしてしまった。
3,野菜を切っていたら、手を切ってしまった。
3,友人と計画していた予定がつぶれてしまった。
3,友達が転校した。
3,友達と行った銭湯が改装中でしまっていた。
3,夕食のサラダに自分の嫌いなトマトが入っていると萎える。
3,夕方寒くなり、薄着を後悔した。
3,予備校で朝から晩まで勉強してとても疲れた。
3,容量が少ないのでソフトをダウンロードできなかった。
3,洋服屋のホームページに載っていたお目当ての服は品切れだった。
3,欲しい資料があったが、高すぎるので断念した。
3,欲しかったゲームの発売が延期した。
3,雷が落ちているので早く家に帰った。
3,雷雨がヤバイので早く帰りたい。
3,落とした財布が見つかったが、中のお金は抜かれてしまっていた。
3,履きなれていない革靴が痛い。
3,旅行が楽しみすぎて、全然寝れなかった。
3,旅行先で財布を落とした。
3,冷蔵庫に何も入っていない。
3,冷蔵庫の中に食べたいものがない。
3,冷蔵庫の野菜が腐っていた。
3,脇道から出てきた車と接触した。
3,眩暈が酷くて学校を早退した。
3,贔屓にしていた店が潰れてしまって悲しい。
