3,『ベイマックス』という作品を見て感動した。
3,10年乗った車を買い替え、新しい車が家に来た。
1,15時間も寝てしまい、一日を無駄にした気分だ。
2,1dayのインターンシップに応募した。
1,１限からの登校はバスが混んでいて辛い。
3,1日中だらだらと可愛いアニメを見て過ごした。
1,1年ぶりくらいに起動した自分のデスクトップPCのパスワードがわからなくて入れない。
3,２か月ぶりに打った麻雀で奇跡的に勝てた。
2,２週間、マレーシアの大学に語学研修に行ってきた。
2,2万円ぐらいのキーボードを買った。
3,3週間のインターンシップに参加した。
1,３日ぶりの部活は堪えた。
1,3日続けて悪夢を見て、嫌な気持ちになる。
1,３年弱続けてきたバイトを辞めることになると少し寂しい気持ちになる。
3,4Kディスプレイを導入したら作業が捗るようになった。
3,4月の捻挫がようやっと治りそう。
3,5時起きの父をいつも見ていると尊敬する。
3,5人で協力して1つのゲームを作るのは大変だったが、良い経験になった。
1,９時間も寝た。
3,Amazonで欲しかった商品を購入した。
2,B級映画にドハマりして沢山笑った。
3,CD買ってきた。
3,ChinaJoy2017で発表されたゲームが面白そうなので楽しみ。
2,C言語久々にやったけど結構忘れてる。
1,DirtyAndroidsの新譜買い忘れた。
2,Excelでマクロを組むのは何年ぶりだろうか。
3,GPAが3を超えた。
1,iFaceのオレンジ色どこ行っても置いてない。
2,IKEAにいってパソコンデスクとチェアを買った。
3,iPad使いやすい。
1,iPhoneの調子が悪い。
1,iPhone下取りしてもらえませんでした。
3,iPhone変えた、うれしい。
3,KALDIでコーヒーもらった。
3,LiSAのライブが楽しくて最高だった。
1,OSのアップデートに失敗し、起動しなくなった。
1,PCが起動できなくなった。
3,PCのデスクトップを恋ダンスに変更した。
1,PUBGというゲームをしていたらチーターに遭遇した。
3,PVとか字体とか絵が良い。
1,Pythonの勉強をしたが難しくてよくわからない。
1,SDカードを無くした。
1,TOEICが全く解けなかった。
2,TOEICのために英単語の勉強をした。
3,TOEICの点数が少し上がった。
1,TOEICの点数が低くて残念だった。
2,TOEICの勉強をした。
3,TOIECに向けてリスニングの勉強をした。
1,TVで見た猫検定をやってみたら、難しい。
3,TwitterとLINEは復旧した。
2,UNITE楽しかった。
1,Wi-Fiルータが壊れ、インターネットが使えなくなった。
1,Windowsのアップデートに失敗して、初期化することになった。
3,WorldOfTanksというゲームでMausという車両の最優秀成績が取れた。
3,YouTubeの動画は面白い。
3,アートワーク色々追加した。
3,アイドルのコンサートに行って、夢のような時間を過ごせた。
3,あげまんじゅうを食べてみたら、美味しかった。
1,あと少しという所で負けてしまった。
3,アニメの映画を見に行った。
3,アニメを見て泣きそうになった。
3,あまり寝ていないのに、目覚めが良い。
3,アルバイトでマネージャーに昇格した。
1,アルバイトで違算を出してしまった。
2,アルバイトに行くときは、自転車ではなく電車を使う。
2,アルバイトの面接を受けた。
2,アルバイトを辞める報告に行った。
1,アルバイト先で酔ったお客に絡まれた。
1,あれ、足りると思ってたら足りないんですけど。
3,アンケートに答えてくれた人が増えた。
3,いいねを何個か貰えた。
3,いい感じに乗り換えがうまくいったわ。
3,いい写真が撮れた。
2,イエーガーを友達に譲った。
1,行きつけの店が潰れてしまった。
3,いきつけのラーメン屋に行った。
3,いきつけの定食屋でから揚げ定食を食べた。
1,いじめで自殺者が出たというニュースを見て、悲しくなった。
1,いつの間にか携帯電話の電池が切れていた。
2,いつものゲームセンターに行った。
1,いつも購入しているお菓子が品切れだった。
1,いつも使っているボールペンをなくしてしまった。
1,いつも使ってる電車が止まってたから、振替輸送を使って帰宅した。
1,いつも使ってる髭剃りが壊れた。
2,いつも通りの一日を過ごした。
3,いとこが結婚をした。
2,いとことか祖父母と一緒に食事に行った。
3,いぬやしき観てた。
3,イベントの説明会に行って有意義な話を聴けた。
2,イベントは楽しかったが場所が遠かった。
1,イヤホンが壊れた。
3,イラストを投稿したら、ゲームの作者さんから返信が来た。
3,イラストを描いてSNSにアップした。
2,インターネットで就職の情報を調べた。
2,インターネットにつながっていなくても、Linuxマシンがあれば退屈しないことが分かった。
2,インターラーケンで一泊した。
1,インターンシップに行ったが、自分の力を発揮できなかった。
3,インターンシップに合格した。
2,インターンシップに参加した。
2,インターンシップに参加して、周りの人のレベルの高さに唖然とした。
2,インターンに応募した。
1,インフルエンザにかかった。
1,インフルエンザにかかり、熱と吐き気に襲われて辛かった。
3,インフルエンザの予防接種に行った。
1,インフルエンザの予防接種に連れて来られました。
3,ウィスキー工場で美味しいお酒の試飲をした。
1,うーわ、ミスったぁ。
2,うーん、どっち買うか迷うなぁ。
3,ウェアラブルデバイスが想像以上に便利だった。
2,ウォーキングを始めた。
3,うちの近くのファミマ、この時間だとあんな強そうな外人さん働いてるんやな。
1,エアコン壊れてて死にそうだった。
1,エラーが解決されないので悩んだ。
3,おいしいてんぷらを食べた。
3,おいしいラーメン屋を見つけた。
2,おうちでごろごろ。
2,遅く起きた日は、1日があっという間に終わる。
1,おなかペコペコですよ。
1,おなかを壊した。
1,おにぎりがあまり美味しくなかった。
3,おばあちゃんからお年玉をもらった。
3,おみやげをもらった。
3,おもしろい小説をみつけた。
3,オランジーナ4本買ったらもらえた。
1,オンラインゲームで回線が悪くて、思うようにゲームができなかった。
3,お菓子であたりを引いた。
3,お菓子作りが楽しかった。
1,お気に入りのイヤホンが壊れた。
1,お気に入りのシャーペンを失くした。
1,お気に入りの腕時計をなくしてしまった。
1,お金が、ない。
1,お金がない。
1,お酒を2杯飲んだら頭が痛くなった。
1,お酒を飲みすぎてしまい、頭が痛い。
3,お酒を飲みながら１時間だけゲーム。
1,お酒を飲んだ次の日、お腹の調子が悪かった。
1,お酒を飲んだ翌日に寝坊した。
2,お酒飲みたい。
3,お台場の雰囲気がとてもよかったので、また行きたい。
3,お昼ご飯に油そばを食べた。
2,お昼ご飯はハンバーガーのセット。
1,お昼は質素におにぎり1個だけ買った。
2,お店で美味しい料理を食べて、自分もこんなの作れるようになりたいと思った。
3,お年玉はもうもらえないと思っていたが、もらえてうれしい。
3,お年玉をたくさんもらった。
1,お風呂にiPhoneを沈めてしまった。
1,お風呂のフタがとうとう壊れてしまった。
2,お腹がすいたなぁと思ってたけど、食べ始めてみるとそんなに食べれなかった。
1,お腹すいた。
3,お腹の調子が良くなって良かった。
1,お腹壊した。
2,カーネルのコンパイルに挑戦したが、何かがうまくいっていないようだ。
1,ガチャドブった。
1,ガチャを回しても、欲しいキャラが出なかった。
1,かばん開けたら財布入ってなかった。
1,ガムを食べすぎてお腹を壊した。
1,カラオケのせいで、喉がガラガラになった。
2,カラスが鳴いていて、うるさかった。
3,ガリガリ君で当たりが出た。
3,カルピスがセールだったため、６本一気に買えた。
1,カレーを服にこぼしてしまったため、悲しい。
3,カレー屋さんのカレーはやはりうまい。
1,代わり映えのないメニューに飽きてきた。
3,ガンプラ焼きを食べてみたら意外と美味しかった。
3,ギターでコードの切り替えがスムーズにできるようになって、うれしかった。
1,ギターのエンドピンが壊れる。
2,ギターを30分ほど練習した。
3,キャッチボールで身体を動かして、いい汗をかいた。
2,キャラが友達に似ている。
1,今日のイベント、つまらなかった。
1,嫌いな虫と遭遇。
3,きらら系アニメで癒された。
3,きれいな夕焼けを見た。
2,クーラーの下でアイスを食べたら、涼しかった。
1,くしゃみと鼻水が止まらなくなった。
2,くじ引きを引いたら、あめ玉が当たった。
2,グランブルーファンタジー始めました。
3,クレーンゲームで欲しかったプライズを取ることができた。
3,ケーキ屋さんを営んでいる親戚のおじさんがケーキを作ってくれた。
1,ケータイで志望動機とかの文章書いてると、途中無意識で「笑」とか語尾に付いてて危うい。
3,ゲームが思っていたより高く売れた。
3,ゲームが面白かったので、ゲームを作ってくれたプログラマーさんを尊敬する。
1,ゲームで思うように動けなかった。
3,ゲームで勝てたからうれしい。
3,ゲームで欲しいアイテムが手に入った。
1,ゲームのアップデート早く終わってほしい。
3,ゲームのアップテンポなBGMを聴いていたらテンションが上がった。
1,ゲームのやりすぎで目が痛い。
1,ゲームの敵が強すぎて勝てない。
1,ゲームの発売日が延期になって、とても悲しかった。
2,ゲームもプラモも積みすぎたな。
3,ゲームをして、友達に勝った。
1,ゲームをしていたら一日が終わって後悔した。
1,ゲーム機の容量が足りなくなってきた。
1,ケガをしてしまったせいで行くはずの旅行に行けなかった。
1,ゲリラ豪雨にやられた。
2,コートが欲しい。
2,コーヒーをレンジで温めたのに忘れた。
3,コーヒーを飲みながら美味しいチョコレートを食べる。
1,コーヒー飲みすぎたせいで、お腹が痛い。
3,このキャラかっこいい。
3,この時間に眠くなるのは生活習慣が改善されつつあるということなのか。
1,この時期の耳鼻科は、とても混んでいる。
1,この授業よくわからない。
3,この前の飲み会では久々に会えた人もいて嬉しかった。
3,この前家族でご飯を食べにいきました。
3,この前友人達との飲み会があって、楽しかった。
1,ごみ袋が重いので捨てるのがしんどい。
1,これから行うプレゼンテーションがとても不安で緊張している。
1,今月は収入が少なかった。
2,コンサートを見に行けなかった。
2,コンタクトが無くなったので、買いに行った。
3,コンタクトが無くなりそうだったから、買いに行った。
2,コンビニでアイスを買った。
1,コンビニでお昼ご飯を購入したら885円もかかってしまった。
2,コンビニで飲み物を買った。
3,コンビニで買った新商品のアイスが美味しかった。
3,コンビニのくじでアイスが当たった。
1,ご飯が美味しくなかった。
3,サークルに顔を出して後輩にアドバイスできた。
2,サークルの引退式があった。
3,サークルの飲み会がこじんまりとしていたけど楽しかった。
2,サークルの夏旅行から帰って来た。
3,サークルの帰りにサイゼ行った。
3,サークルの先輩と同期で忘年会をした。
3,サークルの仲間と旅行に行った。
3,サークルの同期と飲み会。
1,サークルをやめてしまった。
1,ささいなことで母親とけんかしてしまった。
1,ささくれが出来た。
2,さっきスマホで撮った写真の整理をした。
1,サポートセンターに問い合わせてみたが、質問の趣旨が理解されなかったらしい。
3,さぼりがちだった筋トレを再開しようと決心した。
1,さぼり癖が治らない。
3,サラダチキンのカラムーチョ味が美味しかった。
3,シェーキーズで２リットルのパフェを三人で完食した。
3,ジオラマの工作はとても楽しい。
3,しばらく一緒に横を歩いてくれたどこかの飼い猫さんがかわいかった。
1,しばらく見ないうちにいろいろなことが変わっていて、把握するのに手間取った。
3,しばらく買い物に行かなくていいくらい、大量に食べ物を買った。
2,ジムで筋トレや運動を行ったら筋肉痛になった。
3,ジムで重いウェイトを持ち上げられるようになって嬉しい。
3,ジョイポリスで全力で遊んだ。
3,ジョジョはやっぱり面白い。
3,シンドラーのリストという映画を見て、感じるものが多くあった。
3,スイカが育ってきたので大きく育つのが楽しみだ。
3,スーパーで懐かしいフエラムネを見つけたので買った。
2,スーパーで買い物した。
2,スーパーにおつかいに行った。
2,スーパーに夕食の食材を買いに行った。
3,スキーにいった。
1,スケジュール管理に失敗して、約束を破ってしまった。
2,すごい懐かしい曲を聴いた。
2,スターバックスでダークモカチップフラペチーノを注文した。
3,スタバおいしい。
3,ずっとほしかったスニーカーを買った。
3,ずっと気になっていた店に入れた。
3,ずっと行きたかった美術展にやっと行けた。
2,ずっと寝ていた。
1,ずっと読んでいた漫画が完結した。
1,ずっと鼻水が止まらなかった。
2,ストーブがないと寒い日だった。
1,ストライキのせいで電車が運休してた。
1,ストレスで病気にかかってしまった。
3,スパゲッティを作ったらうまくできた。
1,スピード違反でしょっぴかれた。
3,スポッチャでオールした。
1,スマートフォンが壊れかけている。
2,スマホアプリに課金した。
3,スマホから楽しかった日の思い出の写真が出てきて、癒やされた。
1,スマホのOSをアップデートしたらアプリが使えなくなった。
1,スマホのイヤホンジャックが壊れて嫌な気分になった。
2,スマホのバッテリーちょっとへたってきたかな。
1,スマホの画面が割れてしまった。
1,セーターが縮んでしまってショックだった。
1,せっかくの飲み会だったけど、あまりお酒は飲めなかった。
1,せっかく並んだのに何も買えないとは。
2,セミが鳴いていると夏だと感じる。
3,ゼミで研究の進捗報告をしたが、アドバイスをもらえて良かった。
2,ゼミの進捗報告書を書いた。
1,センター試験の模試の結果が悪くてショックだった。
2,ソニーが魔法力測定器を開発、どうやって開発するのか気になる。
3,ソフトドリンクが一番おいしいことに気づく。
3,ソフトバンクの特典で31のアイスを貰った。
1,タートルネック着ているけど寒い。
1,大会出場を逃してしまい悲しい。
3,タイトルだけ知っていたアニメを見たら思っている以上に面白かった。
1,タイムが縮まんない。
3,タイムセールの先着に勝利した。
1,たくさん歩いて疲れた。
1,たくさん勉強したのに、テストがまったく解けなかった。
1,タクシーが捕まらなかったので、歩いて帰って来た。
3,たまったポイントでヘッドホンを買った。
3,ためてた録画をまとめて見れて良かった。
1,ダラダラしすぎて、研修の予習がろくにできなかった。
2,だんだん寒くなってきたので冬服を出さなければ。
2,チーズケーキを作った。
1,チケット外れた。
1,知人が入院したらしい。
3,チャーハン作った。
1,ちょっと休むつもりがかなりの時間が経っていた。
1,ついつい夜更かししてしまった。
3,ツイッターでいいねがついた。
1,疲れて目が痛い。
1,つまづいて骨折してしまった。
3,デートに行った。
2,でかいパフェを注文したら、開始5分でしんどくなった。
1,テストがいつまでも続く。
3,テストが簡単だった。
3,テストで、平均点くらいの点が取れた。
1,テストで失敗した。
3,テストの結果が良かった。
1,テスト終わったら何しようかと考えすぎてテスト勉強をしていない。
1,テスト全然わからなかった。
1,テスト勉強で遅くまで起きていて疲れた。
1,テスト勉強をした。
2,テレビでクイズ番組を見た。
2,テレビでバラエティ番組を見た。
3,テレビで観た『シン・ゴジラ』がとても面白かった。
3,テレビで芸人さんのコントを見ました。
3,テレビで見たお店に足を運んだ。
3,テレビドラマのインターホンの音に反応して飼い犬が玄関に駆けていった。
3,テレビに友達が出てて驚いた。
2,テレビを見たが、特に面白くなかった。
3,どうぶつの森でレアアイテムのミヤマクワガタを捕まえた。
2,とくにすることがないので、早めに寝ようと思う。
2,どこの店で食べるか迷ったからとりあえずラーメン屋に入った。
3,となりのトトロは面白かった。
1,トラブルによって会社から指示された課題を遅れて提出してしまった。
3,どら焼きはおいしい。
1,どんどん授業が難しくなっていく。
1,なぜかお腹が痛い。
1,なぜか咳が止まらない。
1,なんか今日思ってた3倍暑いのやけど。
1,なんか電車止まってたから歩いて帰った。
2,なんだか心がもやもやする一日だった。
1,なんでまだ暗いのに起きなきゃいけないんだか。
1,なんでも後回しにする癖のせいで課題はいつも徹夜でこなすことになる。
1,なんで電車遅れるかな。
1,なんで東京なのにこんな寒いの。
1,なんとなくテレビを見ていたが面白くなかった。
1,なんとなく体調が良くなかったので、今日は寝ていよう。
3,ニキビが少し減ってきた。
3,ニコニコ生放送にて歌配信を行ったら多くの人が来てくれた。
1,ネタがシャリよりも小さかった。
2,ネットでダンス動画を観た。
3,ネットで知り合った外国人と文通を始めることになった。
2,ネットで話題になっている事件について調べた。
3,ネットのアニメ放送を見たら面白かった。
3,ネット麻雀が楽しい。
1,ノートパソコンの性能があまり良くない。
1,ノート買って帰ろうと思ったのに忘れた。
1,バイト５連勤で疲れた。
2,バイトがハードワークで、休憩になかなか入れなかった。
1,バイトが辛かったので、辞めた。
1,バイトが長引いて最悪だった。
3,バイトで稼いだお金で、家族を連れて焼肉に行った。
1,バイトで客に怒られた。
1,バイトで失敗をしてしまい、落ち込んだ。
1,バイトで新しいことをして大変だった。
1,バイトで疲れた。
1,バイトで疲れて家に帰ったら、すぐにソファーで寝込んでしまった。
2,バイトに行った。
1,バイトのレジでマイナスを出してしまった。
2,バイトの後輩にレジを教えた。
3,バイトの仕事でした売り場づくりがうまくいった。
3,バイトの時給が上がった。
3,バイトの仲間と旅行に行った。
3,バイトの同僚とご飯へ行く約束をした。
1,バイトの連勤で疲れた。
2,バイト後、お腹が減ったからコンビニで揚げ物を買って食べた。
3,バイト後のラーメンは美味しかった。
1,バイト先が異常に混んだ。
1,バイト先でミスをして先輩に怒られた。
1,バイト先で怒られた。
2,バイト先に同じ中学の人がいて驚いた。
3,バイト先に来たお客さんに接客を褒められた。
3,バイト先に旅行のお土産を買っていった。
3,バイト先の人に誕生日を祝ってもらった。
3,バイト先の先輩にラーメンをおごってもらった。
3,バイト先の店長に子供が生まれた。
3,バイト代で新しいパソコンを買った。
1,バイト中とても眠かった。
1,バイト中にお客さんからクレームをもらった。
1,バイト中に手を挟んだ。
2,バイト漬けの一日だった。
1,バスケでケガしてしまった、痛い。
1,パスタ用の麺がなくなった。
1,パスワードを忘れて、問い合わせが面倒だった。
3,バス停に行ったらちょうどバスが来るところだった。
1,パソコンからウィルスが検出されて少し驚いた。
1,パソコンが突然シャットダウンしてデータが消失した。
3,パチンコをやめる決心がついた。
2,バッグの下見をするつもりで店にきたら、つい買ってしまった。
1,パッチ同士が競合してうまく当たらなかった。
1,バッティングセンターに行ったが一回も当たらなかった。
3,パフェ美味しい。
2,パワーポイントを作った。
3,パンケーキ美味しかった。
2,ハンコのインクがなくなったので、とりあえずホワイトボードマーカーのインクを詰めた。
2,ハンドクリームを新しいものにした。
3,ピアノを練習したことで新しい曲を弾けるようになった。
1,ビーサンが電車の扉に挟まれる悲劇。
1,ビールの苦さがどうにもまだ慣れない。
2,ヒゲが伸びやすくなってきた。
1,ひげ剃りをしないで外出した。
3,ピザとワインを専門としている店のワインが美味しかった。
3,ピザ食べ放題を奢られる。
3,ヒトカラしてきた。
2,ひとりでゲームをやるよりみんなでやったほうが断然面白い。
1,ファイルのデータを保存し忘れた。
2,フィルターの種類について勉強した。
3,プールでたくさん泳いで疲れたけど楽しかった。
3,プールに行って楽しかった。
1,ふと気が付いたら真夜中になっていて、明日朝早いので後悔した。
3,プラモデルの塗装がうまくいった。
1,プリンターの調子が悪くてお母さんが困っていた。
1,プリンタのインクがなくなったので印刷できなかった。
3,フルグラが安かったので12袋買い込んだ。
3,プログラミングの課題を夜遅くまで友達とがんばった。
1,プログラミングの勉強をしているがなかなか理解ができない。
1,プログラムが全然思った通りに動かないんですけど。
3,プログラムが捗る。
3,プログラムが予定以上に順調に進んでいる。
3,プログラムで詰まっていた部分が解消された。
1,プログラムのバグが取れない。
1,プログラムを公開しようとしたらエラーが出た。
3,ブロック決勝大会出場しました。
1,プロテクターが3枚必要なことに気づく。
1,ペペロンチーノを作ったが、うまく乳化せず失敗した。
3,ペンタブを買った。
1,ボウリングをしたらスコアが23だった。
3,ホームステイ先だった家の娘さんと日本で遊んだ。
2,ホームセンターに行って工具を買ってきた。
1,ボーリングでガターを連発してしまった。
1,ボーリングを10ゲームやって、スコア100を1度も超えることが出来なかった。
1,ボールペンがことごとくインク切れで書けない。
1,迷子になった。
3,マウントアダプターを買ってレンズを取り付けられるようにした。
1,また課題出された。
1,また風邪ひいた。
2,ミックスボイスの出し方が相変わらず分からなくて苦戦。
3,ミニライブ、凄かったな。
2,むさしの号が混んでる。
2,メガネの度を上げた。
1,メガネをかけながら寝たせいで、メガネ壊れちゃった。
1,めちゃくちゃ外が寒く、風邪をひきそうだった。
1,めっちゃ寒いのに薄着してきてしまった。
3,めっちゃ久しぶりに映画見に行った。
2,めっちゃ寝た。
3,メディア芸術祭の体験型の作品を鑑賞して楽しんだ。
2,メモのアプリの仕様がよくわからない。
1,メンテナンスが終わったと思ったら、今度はサーバが混雑でなかなか出来ない。
3,もうそろ指の皮くっつくらしーぞ。
3,モスチキン美味しい。
1,もたもたして電話を取り逃した。
2,モンスターハンターを早くやりたい。
3,やっとライブBDが届いた。
2,やっと八王子着いた。
3,やっぱり野球は楽しい。
1,やばいやばいやばいPCがグラボ認識してない。
2,ユングフラウヨッホに登山鉄道に乗って行った。
1,よく通っていた近くのTSUTAYAが閉店した。
3,ラーメンを注文したらサービスでライスをもらえて嬉しかった。
3,ライブに当選した。
1,ライブのチケットに落選してしまい悲しい。
3,ライブのチケット当たったー！
3,ライブ行ってきたけど最高だった。
3,ラジオに投稿したネタが読まれた。
1,レジを失敗したので店長から注意された。
1,レジを打ち間違えて、お客様と上席者の両方から怒られた。
3,レストランでスパゲッティを食べて、おいしかった。
1,レストランで飲み物をこぼして恥ずかしかった。
2,レポートを書いた。
2,レポートを書くために、パソコンの電源を入れた。
1,レポート作成に追われて忙しかった。
2,レモンティーが飲みたいと思って買ったけど、結局まだ飲んでない。
2,レンタルビデオ店にCDを借りに行った。
1,安売りしていたゲームをたくさん買ってしまい、お金がない。
1,以前よりおでこが広がってきた気がする。
2,意見交換の結果、やはり最新作は面白くないとの結論に至った。
1,移動が長距離すぎて、体調崩した。
3,衣替えの時期なので服を買った。
1,違法なサイトが横行していて、腹立たしい。
3,一人でラーメンを食べた。
3,一人で映画を見に行った。
3,一人暮らししてる人の家に行って友達とワイワイするのは楽しい。
1,一人暮らしの兄が実家に帰ってきた。
3,一度も信号につかまらず学校まで来れた。
2,一日に2回プレゼンの発表をした。
1,一日を振り返っても嬉しいことが見当たらなかった。
1,一日中机に向かっていたら腰を痛めて辛い。
1,一日中宿題しても終わらなかった。
2,一日中寝ていた。
2,引っ越しで使う段ボールを集めた。
1,飲みすぎて二日酔い。
2,飲み会で、友達に「お酒そんなに飲まないんだね」って言われた。
3,飲み会の後ラーメンを食べた。
1,飲食店バイトで覚えが悪くて、よく怒られていた。
1,雨が降ったので最悪だった。
1,雨が止まないので洗濯することが出来なくて困った。
1,雨だからって久々にサンダルじゃなくて靴はいたのに、雨強すぎて靴下までビッショリや。
1,雨のせいで電車のダイヤが乱れていて、授業に遅刻した。
3,雨の日にディズニーランドにいったらガラガラだった。
2,雨の日に田んぼの近くの道路に行くと、蛙がたくさんいる。
1,雨の予報を見逃して、雨に打たれた。
1,雨降ってるのに傘持ってない。
3,雨上がりの晴れた道を通って学校に行った。
3,運転免許をとれたので、うれしかった。
2,運動のために一駅ぶんの距離を歩いた。
3,映画が思ったより面白かった。
2,英語の課題をやった。
1,英語の授業で難しい課題が出されて大変だ。
3,英語の成績が伸びた。
1,英文法の勉強をしていたが、あまり分からなかった。
1,液晶画面の見すぎで目が疲れた。
3,駅から学校までの最短ルートを発見した。
1,駅で外国人の人に道を聞かれて困った。
3,駅で偶然に中学時代の友人と再会した。
3,駅のイルミネーションが綺麗だった。
2,駅まで自転車で走った。
2,駅前のイベントに興味があったので行ってきた。
3,駅前の電気屋に修理を頼んだら、丁寧に対応してくれた。
1,駅前の椋鳥うるさすぎる。
2,演歌歌手をしているおじさんがCDをくれた。
3,演習が早くに終わったのでその分早く帰れた。
2,演舞の構成を考えた。
3,演舞の練習をした。
1,塩の味しかしない。
2,往復4時間以上かけてさいたまから秋葉原を自転車で移動した。
2,横浜に来ています。
2,横浜駅でＪＲに乗り換えた。
1,横浜線が1時間遅れとは予想外だった。
1,横浜線でビニールが付着したため運転停止中なので遅れそう。
3,沖縄で体験ダイビングをして、海がきれいだった。
3,沖縄に三泊四日で旅行に行った。
3,屋台で買ったお好み焼きがなかなか美味しかった。
1,音楽を聴きながら作業をしたけど集中できなかった。
2,仮想通貨で２０万損したと言う友人がいて驚きを隠せなかった。
1,仮免許に落ちて悲しかった。
3,仮免許の試験受かった。
2,何事もなく発表が終わった。
3,加湿器を買う。
3,可愛いお菓子の写真を撮った。
3,可愛いパンダを見に行った。
3,夏になって初めてビールの美味しさを知った。
3,夏の夜が涼しかった。
2,夏休みにインターンに行った。
2,夏休みにひきこもってたら、バイトしなさいと叱咤された。
3,夏休みに祖父の家に遊びに行った。
3,夏休みに北海道へ旅行へ行った。
3,夏休みに友達と地元の花火大会に行った。
3,夏祭りで、浴衣のあの子が可愛かった。
1,夏祭りの日にちを勘違いしていて、無駄足を踏んでしまった。
1,家から学校まで２時間かかる。
3,家で映画鑑賞。
3,家で食べるカレーうどんは染みを気にしなくていいから好き。
2,家で動画をずっと見ていた。
1,家にゴキブリが出た。
2,家に帰ったら親戚が来ていた。
1,家のブルーレイレコーダーが壊れた。
1,家の雨漏りがひどくて大変だった。
1,家の鍵を忘れて家に入れなくなった。
1,家の中がサウナ。
3,家族そろって初詣に行った。
3,家族で回転寿司屋に夕飯を食べに行った。
3,家族で焼き肉を食べに行った。
3,家族で北海道に旅行へ行った。
3,家族旅行で福岡、長崎に行った。
3,暇だったから、ゲーセンに行った。
2,暇だったので本屋に寄った。
2,暇なので散歩に出かけた。
1,河原のゴルフ場完全に水没してる。
1,花粉のせいで一日中くしゃみが止まらなかった。
3,課題が早く終わった。
2,課題の為に論文探し。
2,課題を三つ片付けた。
3,課題を余裕を持って終わらせることが出来た。
3,課題提出にぎりぎり間に合った。
3,会社に提出する企画書ができた。
2,会社に提出する証明写真を撮った。
3,会社のインターンに採用された。
3,会社の内定式に参加した。
1,会社の面接に落ちてしまった。
3,会社見学に行ってモチベーションが上がった。
2,会社説明会に行った。
1,回線に障害が発生していたため、メールが送れなかった。
3,壊れたと思っていた機械が、たたいたら直った。
3,懐かしい友人に会った。
1,海ほたるで大渋滞に巻き込まれた。
1,階段で転んで腕時計を壊してしまった。
2,外国人に道を尋ねられた。
2,咳が全然止まらないから病院に行った。
1,学校からの帰り道で変なおじさんに絡まれた。
1,学校に学生証を忘れてしまった。
2,学校に行った。
1,学校に遅刻した。
1,学校に泊まった。
1,学校の課題が終わらないのでつらい。
1,学校の課題に追われる。
1,学校の階段でつまずいて、怪我をした。
3,学校の備品をこっそり修理していたが、見つかって褒められてしまった。
1,学校へ行ったがだるくて帰る。
3,学校帰りに友達とラーメンを食べた。
2,学食でお昼ご飯を食べた。
1,学食で昼ご飯食べようと思ったら、開いてなかった。
1,学食に久しぶりに行ったが、値段の割に美味しくないと思った。
2,学生に研究室を紹介した。
1,学生証を落として学生課へ取りに行った。
1,学務課に用事があるのにバスに乗ってしまった。
1,楽しみにいていたアプリの配信が延期した。
1,楽器を持って外に出るといつも雨。
1,割りばしのとげが刺さって痛かった。
1,乾燥してきて、肌荒れがすごいことになってきた。
2,寒い日は起床時に布団の温かさから抜け出せない。
3,寒くなってきたので新しいダウンジャケットを買った。
1,寒くなってきて引きこもりがちになっている。
1,寒さに負けて、まだつけないはずの暖房をつけてしまった。
1,甘酒で大やけどし、水ぶくれができた。
3,間に合わないと思ってた電車が間に合った。
1,間違えて興味のない本を買ってしまった。
2,眼科で検診を受けた後、コンタクトレンズを買った。
2,眼科に行き、検査をしてもらった。
1,顔に新しいニキビが出来た。
3,基本情報技術者試験に受かってうれしい。
1,寄り道したから、思ったより帰るのが遅くなった。
3,希望していた会社から内定の電話をもらった。
1,机の高さが合わず、肩が痛くなってしまった。
1,期待していた映画がイマイチだった。
3,期待半分で見た映画が案外面白かった。
3,期末テストで良い点を取ることができた。
1,期末テストの成績が悪かった。
1,帰りが遅くなって、母親に怒られた。
1,帰りに犬のフンを踏んだ。
3,帰りの電車で１時間以上座って寝れた。
1,帰りの電車で寝過ごしてしまった。
1,帰り道が渋滞している。
3,帰り道で手袋を見つけた。
2,帰り道にアメリカンドッグを買って食べた。
2,帰り道のコンビニで買い食い。
2,帰る最中にメールでお使いを頼まれた。
1,帰る途中に突然雨が降ってきた。
1,気が散って勉強が全く進まなかった。
3,気になっていたソフトを買ったので、楽しみ。
3,気になっていた映画を見たが、予想以上に面白かった。
3,気になっていた新刊を買いに行った。
3,記事を読んだ人から感想をいただいた。
1,起きたら午後三時半だったので、愕然とした。
3,喫茶店でケーキを食べた。
1,久しぶりに、電車で寝過ごした。
2,久しぶりにお風呂にじっくり浸かったら、疲れが取れた気がした。
3,久しぶりにカリオストロ見たら面白かった。
3,久しぶりにジェットコースターに乗って楽しかった。
3,久しぶりにダーツをした。
2,久しぶりにパーマをかけた。
3,久しぶりにポテトチップスを食べるとおいしい。
2,久しぶりにラーメン屋さんでラーメンを食べた。
3,久しぶりに飲んだ炭酸が旨い。
3,久しぶりに運動をすると気分がいい。
3,久しぶりに会う友達と飲みに行った。
3,久しぶりに近所のバッティングセンターへ行った。
3,久しぶりに高校のときの友人と会った。
1,久しぶりに自転車乗ったら、タイヤがパンクしてた。
2,久しぶりに車を運転し、緊張した。
3,久しぶりに少し遊ぶ時間ができた。
3,久しぶりに食べた焼き肉は美味しかった。
3,久しぶりに晴れたよかった。
3,久しぶりに地元の友達と再会した。
2,久しぶりに頭を使ったから疲れた。
3,久しぶりに風呂掃除をした。
2,久しぶりに麻雀に触れた。
3,久しぶりに友人と会ってたくさん話した。
3,久しぶりに遊園地に行って、楽しかった。
1,久しぶりに洋服を買いに行ったので、思ったよりも散財してしまった。
3,久々にすき焼きを食べた。
1,久々にダーツしたら、ひどいもんだった。
3,久々にテレビで芸人さんのコントを見てたくさん笑った。
3,久々に映画を見に行った。
3,久々に家族４人で出かけた。
3,久々に家族全員で温泉に行った。
2,久々に剣道したくなった。
3,久々に大好きなラーメン屋でラーメンを食べた。
1,休日なのに家から出るのが面倒臭かった。
3,休日に6時起床、時間を有効活用できた。
3,休日にたくさん寝ることができた。
2,休日に一人で映画を見に行った。
3,急いで走ったら何とか電車に間に合った。
1,急な雨のせいでずぶ濡れ。
2,急遽シフトに穴が開いたので臨時でヘルプに入った。
1,給食のスープに虫が入っていた。
1,給料が思っていたより入ってなかった。
3,給料日にはじめてお金をもらって、うれしかった。
3,居酒屋ランチのコスパの良さ。
3,京都旅行へ行った。
3,競合相手より早く記事を公開できた。
1,教科書買ったけど、すごい高かった。
1,教室が暑かった。
1,教室の冷房が強すぎて寒かった。
3,興味本位で購入したアイスが思いのほか美味しくて定期的に買おうと思った。
1,玉ねぎのにおいが手についた。
1,禁酒を決意したのが昨日、酒を飲んだのが今日。
3,筋トレのおかげで、筋力がついてきた。
2,筋トレをした。
1,筋トレ始めるも３日も経たずしてあきらめた。
1,筋トレ用のダンベルを買ったが、置く場所を考えていなかった。
1,筋肉痛がひどい。
1,緊急地震速報が突然鳴ってびっくりした。
1,緊張で全然眠れなかった。
3,近くにおいしそうなラーメン屋ができた。
3,近所のおばさんが煮物をおすそ分けしてくれた。
3,近所の子供たちと雪だるまを作った。
3,金閣寺を見て、感動した。
2,金曜日に課題の締め切り。
2,銀行に行って学費を納入した。
2,区役所で参政権を行使してきた。
1,空気が乾燥していて喉が痛くなる。
1,空港まで電車で行ったけど、遠かった。
1,空腹だと無駄に買い物をしてしまう。
1,空腹になると腹が鳴る癖が治らなくて本当に困る。
1,靴が雨に濡れて汚れた。
2,兄にお使いを頼まれた。
3,兄の誕生日にバッグをプレゼントした。
1,携帯の液晶が割れた。
1,携帯電話が通信制限で全く使い物にならない。
3,携帯電話を新調した。
2,携帯電話を変えた。
3,経済学のレポートがギリギリ終わった。
3,結構びっくりな出来事が。
1,結構眠いけど授業頑張った。
3,月島で雰囲気の良い裏通りを探索した。
3,嫌いだった豆が食べられるようになった。
2,嫌いなゲームを周りのみんながやっていて、複雑な心境だ。
1,嫌味を言われた。
1,犬の喧嘩に巻き込まれてケガをした。
2,犬の散歩に行った。
3,犬の散歩をした。
1,犬の糞踏んだ。
3,研究のお手伝いをした。
3,研究の合間に誰かとしゃべるのは楽しいし息抜きになる。
2,研究をした。
2,研究をするために近所のカフェに行った。
3,研究を進めに学校へ来た。
1,研究室に来たが、いまいち研究が進まない。
2,研究室のメンバーと打ち合わせを行った。
2,研究室の配属面接を受けてきた。
1,研修の課題が終わらなくて悔しい。
3,研修先で会社の先輩に褒められて嬉しかった。
1,肩が凝って痛い。
1,見たかったドラマの録画を忘れた。
3,見たかった映画が、地上波で放送された。
3,見知らぬ人に助けてもらった。
3,元々週1本ペースだったが、完全に禁煙を始めた。
1,限定品買えなかった。
3,古物屋に雑多なものを処分しに行ったら意外と儲かった。
3,古本屋で面白そうな本を発見した。
2,午前中に近所の人たちと雪かきをした。
2,午前中はずっと寝ていた。
3,御徒町にあるちょっと高いお寿司屋さんに家族で行った。
3,公園で運動をした。
1,口内炎がたくさんできてしまった。
1,好きだった飲み物が製造停止になってしまった。
1,好きだった漫画の連載が終了した。
3,好きなアーティストのライブに行った。
3,好きなアーティストの曲を購入した。
3,好きなアニメについて友人と話した。
3,好きなアニメの映画を観に行った。
1,好きなドラマが終わってしまった。
2,好きなポケモンはポッチャマです。
1,好きなメンバーが引退してしまって悲しい。
3,好きな音楽CDを買った。
3,好きな楽曲を聞いた。
1,好きな子に彼氏がいた。
3,好きな漫画の懸賞が当選して嬉しい。
3,好きな漫画の新刊を買った。
3,好きな漫画をたくさん読んだ。
2,攻撃力上がった。
3,江ノ島のベンチ座ってたら猫に膝の上座られて寝られた30分くらい。
1,行きつけのラーメン屋のラーメンがおいしくなかった。
3,講義が休講になり、時間に余裕ができて、うれしい。
2,講義の発表の準備をした。
2,講義を受けに学校に行った。
1,講義中に寝てしまった。
1,購入間近で唐突な値上げがあった。
3,高級ステーキの試食会が行われていてとてもおいしかった。
1,高校の合格発表日に受験票を無くした。
3,高校の同級生と沖縄に行った。
3,高校の同級生と久しぶりに会った。
3,高校の部活の先輩と北海道旅行に行って楽しかった。
1,高校を卒業してから一年で20kg太った。
3,高校時代の部活の先生の展覧会に行った。
3,高校時代の友人と飲みに行った。
1,高校生になってから急に視力が落ちた。
3,合宿の打ち上げで、しゃぶしゃぶを食べに行った。
1,合宿の登山で雨が降ってとても大変だった。
3,合唱コンクールで優勝目指して練習した。
3,国分寺で塩ラーメンを食べた。
1,腰が痛い。
1,骨折の手術を行った。
2,今から平塚駅に向かってから横浜に行きます。
1,今回のガチャの結果は最悪だった。
3,今期のGPAが３を超えた。
3,今月のバイト代が８万円を超えていて驚いた。
2,今週は予定で一杯だ。
1,今朝から脚のしびれがが強すぎて、歩けない。
1,今朝は景気のいいニュースが少ない。
3,今朝は目覚ましが鳴るより5分早く起きた。
3,今度高校時代の友人らと飲みの予定ができ、今から楽しみだ。
1,今日、秋葉原に行ったらラジオ会館が休館日だった。
2,今日に限って、いろんなところから飲みに誘われる。
1,今日のバイトはいつもより疲れた。
3,今日のライブは素晴らしかった。
3,今日の運勢で１位だった。
1,今日の運勢で最下位だった。
1,今日の試験、難しすぎて全然分からなかった。
2,今日の昼食はおにぎりだった。
3,今日の朝ごはんは、美味しかった。
2,今日の晩飯なんだろね。
2,今日の夜ご飯の内容を考えながら、店内を歩き回った。
3,今日は、映画をみて楽しんできました。
2,今日は、東京駅に用事がある。
1,今日は、特に寒いな。
1,今日はゴミ捨ての日なのに、寝坊して出しそびれてしまった。
3,今日はサークルの新入生歓迎会だった。
2,今日はサークルの定例会があった。
2,今日はよく野良猫を見る。
1,今日はランニングをサボった。
1,今日は一日中バイトだった。
1,今日は一歩も外に出なかった。
3,今日は学校が休みだ。
2,今日は寒い。
3,今日は寒かったので帰りにホットココアを買った。
1,今日は季節外れに暑かったので、びっくりした。
3,今日は久しぶりに違う食堂で昼食。
1,今日は久々に寝坊をしてしまった。
3,今日は給料日だから、いつもよりテンションが高い。
2,今日は午前中に研究室の被験者実験を行った。
3,今日は講義が早く終わり、スムーズにバスに乗れた。
1,今日は腰が痛くて作業が進まなかった。
3,今日は授業が早く終わったので早く帰宅できてうれしい。
1,今日は寝不足で体がだるい。
1,今日は寝坊してしまって授業に出られなかった。
3,今日は新しいゲームを手に入れることが出来て良かった。
3,今日は全休だから、家でゆったりしてる。
1,今日は早く寝たいのにいつも通り課題がたんまりあるので寝れない。
2,今日は早起きしたので、いつもより早い電車に乗った。
3,今日は対戦成績がよかった。
2,今日は炭水化物を食べてない。
3,今日は誕生日プレゼントをもらった。
3,今日は珍しく、自主勉強をした。
3,今日は追いコンだった。
3,今日は天気が良かったので散歩をした。
1,今日は電車の遅延があって学校を遅刻した。
2,今日は特に変わらない一日だった。
3,今日は薬が良く効いていて体調が良い。
2,今日は友人と集まってボードゲームをした。
2,今日は友人に助けられっぱなしだった。
3,今日は友達と遊園地に行った。
1,今日みたいに寒い日は嫌い。
2,今日も、まだまだ雪が積もってる。
1,今日も天気が悪くて気分がよくない。
3,今日やるべきことが全部終えられた。
2,今年から社会人になった友達から仕事の話を聞いた。
3,今年の12月は莫大な出費をしてしまったが、楽しい月になった。
2,今年のおみくじはまぁまぁよかった。
3,今年もボジョレーヌーボーを購入した。
3,今年も桜の写真が良く撮れた。
3,今年も地元のお祭りを見に行けてよかった。
3,今年も庭の菊が咲いてよかった。
2,今年初めてストーブをつけた。
1,左手の薬指ドアに挟んで痛い。
1,最悪、寝過ごしたぁ。
1,最近、やらなければいけない事に手がつかない。
1,最近、よく病院にかよっている。
2,最近、就活でよく新宿に行く。
1,最近、太ってきた。
1,最近、部屋の掃除ができていない。
1,最近TVで映画を流さなくなって寂しい。
2,最近胃が小さくなってきました。
2,最近家で酒飲む暇もないくらいに寝てる。
2,最近外が寒すぎて外食に出かけることすら面倒に感じる。
1,最近外食ばかりでお金がない。
1,最近寒くなってきて風邪を引いた。
2,最近午前中に起きることができないので改善したい。
1,最近姿勢が悪いせいか腰が痛い。
2,最近車をよく使うので、ガソリンスタンドによく立ち寄る。
3,最近読み始めた小説がとても面白い。
2,最近物欲がすごく、いろいろな物が欲しくなる。
1,最高温度37度だと、熱中症に注意しなければ。
1,最終面接で落とされた。
3,最終面接に合格した。
1,最低温度が0度以下だと寒すぎる。
2,細々と続けてきたYoutubeの総再生数が20万になっていた。
1,財布のお金が残り少なくなり焦る。
3,財布の中に溜まっていたレシートを整理して捨てた。
3,財布を買いに行ったらいいものがあった。
1,財布を忘れて出かけてサザエさん状態なうや。
3,財布を落としたが、拾った人が届けに来てくれた。
3,財布失くしたけど、親切な人が拾ってくれたおかげで見つかった。
1,作成したプログラムが何回試してもうまくいかなかった。
2,昨日ココアを飲んだら普通に甘かった。
1,昨日の飲み会楽しすぎて、途中記憶ないのだけれど、気がついたら足捻挫してて笑う。
2,昨日の夜も牛丼だったから流石にカレーにした。
2,昨日はひまをつぶすために落描きをしていた。
2,昨日はやることがあったから食後に寝ないように気を付けた。
1,昨日は音楽をだらだら聴いていたら２時間ぐらい経ってた。
1,昨日は何かしようと思ってPCを起ち上げたのに、何がしたいか忘れてしまった。
1,昨日は家で授業の復習をしないとなって思ったけど、結局できなかった。
2,昨日は久しぶりにカレー屋に行った。
3,昨日は飼い犬と遊んで、楽しかった。
3,昨日は寝つきが良かったので、気持ち良く目覚めた。
2,昨日は青色の靴下を履いたから、今日は赤色の靴下を履く。
2,昨日は雪が沢山降ったな。
3,昨日見たイルミネーションがきれいだった。
3,昨日卵かけご飯に納豆をかけて食べたら、めちゃくちゃ美味しかった！
2,桜を見ると春だと感じる。
2,雑貨店で名刺ホルダーを買った。
3,雑誌の懸賞が当たった。
3,雑誌の懸賞に当選した。
3,雑草を引き抜きまくって、店先がきれいになった。
1,皿洗い中に食器をいくつか割った。
1,仕方ないとはいえ、ゲームのローディング時間が長いのは少しいらつく。
1,使っていたスマホが壊れた。
3,志望校のオープンキャンパスに行ってきた。
1,視力の衰えを感じる。
3,試供品で配られていた焼酎がとてもおいしかった。
3,試験に合格したので、とてもうれしかった。
1,試験に腕時計持ってくの忘れて焦った。
1,試験前にインフルエンザにかかった。
1,資格の試験が不合格だった。
3,資格の試験に合格していた。
1,資格の試験に落ちた。
2,資格の勉強をした。
3,資格試験が終わってとても安心した。
3,資格試験にぎりぎりで合格した。
1,資格試験の勉強をしたが、あまり集中できなくて残念。
3,資料が欲しいとぼやいたら、親切な友人が用意してくれた。
3,飼い犬がおすわりを覚えた。
2,飼い犬にえさをあげた。
3,飼い犬はまだ赤ちゃんだから甘噛みしてきたけど、可愛いから許します。
1,歯が痛い。
2,歯医者で虫歯を治療した。
1,歯磨き中に口を思いっきり切った。
2,字を書くのが久々だった。
2,時間があったのでリゾットを作った。
2,時間をくれ時間を。
3,時計を買ったら、店員さんに少し割引してもらえた。
1,耳が痛かったので耳鼻科に行った。
1,自作PC用のメモリを購入したが高かった。
1,自室のエアコンが壊れた。
2,自転車でさいたまスーパーアリーナまで出かけた。
1,自転車で外出しようと思っていたが、天気予報は雨だった。
1,自転車で車に轢かれそうになった。
1,自転車で派手にこけてしまった。
2,自転車の空気を入れた。
1,自転車の鍵を無くしてしまった。
3,自動車免許を無事に取得できてうれしかった。
3,自分が希望する研究室に配属されて、とても良かった。
3,自分で具のたくさん入った味噌ラーメンを作って美味しかった。
3,自分のPCのメモリを8GBから16GBにした。
2,自分の部屋の障子を張り替えた。
3,自分用に作っていたソフトだが、公開してみたら反響があった。
3,失くしていた学生証が学生課に届けられたらしい。
1,実験が長引いて帰るのが遅くなった。
2,実験で使用するデータを作成した。
2,実験に使うデータ集めをして疲れた。
1,実験に失敗した。
1,実験協力をしたが、うまく実験できず迷惑をかけてしまった。
2,社会人になったら初給料で家族を外食に連れていって恩返ししたい。
3,社会人の人から就活について話を聞いて参考になった。
1,車に轢かれそうになった。
1,手袋を片方落した。
3,授業が休講になった。
3,授業が早めに終わったから、いつもより一本前の電車に乗れた。
3,授業のプレゼンで緊張したがうまくできた。
1,授業の課題が多すぎて終わらなくて辛い。
3,授業の課題を終わらせた。
1,授業の単位を落としてショックだった。
1,授業の内容が分からない。
1,授業中、寝ていたので注意された。
1,授業中に寝てしまった。
1,周りはアプリの話で盛り上がっているが、スマホ持ってない僕には全くわからない。
2,就活に向けて自己PRを考えておかないとなって思った。
2,就活の講座に出席した。
1,就活は、大変だな。
2,就職活動にいった。
1,就職活動はなかなか大変だ。
3,修学旅行でフランスに行った。
3,修学旅行で奈良、京都に行った。
2,修学旅行は京都に行った。
3,秋葉原にパソコンのパーツを買いに行った。
3,秋葉原に立ち寄ったら偶然好きなイラストレーターの個展がやってた。
3,終電なくて歩いて帰るのが癖になりすぎて、定期圏内なのに歩いて帰ってる。
3,集めたミニチュアを飾って楽しんだ。
1,充電ケーブルが断線してしまった。
3,従妹と遊んだ。
3,渋谷に行ったけど、若者の街って感じだった。
1,渋谷の映画館上映中に携帯見るやつ多すぎじゃね？
1,宿題が出来なくて、徹夜になりそうだ。
3,宿題が無事に終わってよかった。
1,宿題全然終わらないので今日は徹夜だ。
1,祝日だからららぽ混んでる。
1,祝日なのに電車が込んでいて辛かった。
1,出かけようと思ったら雨が降ってきた。
1,出かける予定の日なのに、天気予報は雨だった。
3,春休みに入った。
3,春休みに友達とスキーに行って楽しかった。
2,初めて２日連続で研究室に行った。
3,初めていきなりステーキのステーキを食べた。
3,初めてカニの刺身を食べた。
2,初めてコスプレイヤーのイベントを目の当たりにした。
1,初めてスノボやったけど、難しかった。
2,初めて選挙の投票に行った。
3,初めて体験したVRが面白かった。
3,初めて買ったカップ麺が美味しかった。
3,初詣に行った。
1,初日の出を見に海に行ったが寒いし眠いし辛かった。
1,暑くて脱いだ上着を忘れてきてしまった。
2,暑くなってきたので、衣替えをした。
2,書店で資格試験の参考書を買った。
1,女の子に「冷たい」と言われた。
3,除夜の鐘を突きに行った。
1,将来の夢が特にない。
3,小学生のころ、公園でサッカーをよくしていた。
3,小学生のとき、よく友達と駄菓子屋に行っていた。
1,小指を箪笥の角にぶつけた。
3,小説の最終巻を読んで、感動した。
3,小説を読んだ。
2,松戸市に引っ越しをした。
3,松葉杖をもって電車に乗車したら席を譲ってもらえた。
3,焼肉に行った。
3,焼肉を食べた。
2,笑うことはストレス発散になると聞いた。
1,上級生に跳ね飛ばされて三針縫った。
3,上野動物園でハシビロコウを見て、可愛いと思った。
3,色っぽい夢を見た。
3,色んな人とお話できました。
1,食べたいクッキーがあってコンビニを探したけど、なかった。
3,食べたくなったのであん肝を作った。
2,食後に食器洗いをしたので疲れた。
1,寝不足で電車に乗ったら気持ち悪くなってしまった。
1,寝不足の時の車酔いすごい。
1,寝坊して怒られてしまった。
1,寝坊をして起きたらもう昼だった。
3,心待ちにしていた小説の新作が発売された。
1,新しいゲーム欲しいけど、試験期間だから買うの我慢した。
2,新しいシャーペンを買った。
3,新しいスマホのアプリを見つけた。
3,新しいスマホを買った。
3,新しいダウンジャケットを買った。
3,新しいモニターを買った。
3,新しいラーメン屋ができたので行ってみた。
2,新しい椅子を買いに行った。
2,新しい英語の論文を読んだ。
3,新しい鞄を安価で購入できて、嬉しかった。
3,新しい友達が出来た。
3,新しく始まった可愛いキャラのゲームに癒された。
3,新しく買ったアロマオイルが良い感じだった。
1,新しく聞き始めたラジオがつまらなかった。
2,新しく本を買った。
1,新作の映画を見に行ったが、つまらなかった。
3,新宿でギターを見た。
3,新宿のカメラ屋を巡って、掘り出し物を買うのは楽しい。
1,新人同士でシフトを組まされ、大変だった。
3,新発売のジュースが美味しかった。
2,新品のギターが高すぎて、気持ちが萎える。
2,真面目な時間に起きると眠くなるのも早くなるな。
1,神保町の書店に行って散財してしまった。
3,親からおこずかい貰った。
1,親が風邪をひいてしまい、看病をした。
3,親しい友人と映画を見に行った。
1,親と大喧嘩をした。
2,親に牛乳買ってくるように頼まれた。
1,親指包帯グルグル巻き。
2,親戚に会ったが、誰が誰だかわからなかった。
3,親戚の家でおせちをたべた。
1,親知らずとったけどめっちゃ痛い。
2,人間失格を読んだが何とも言えない。
1,人身事故の影響でいつもより帰りが遅くなった。
1,人生で初めて誕生日に学校があった。
3,人生で初めて飛行機に乗った。
2,人狼のスマホアプリをインストールした。
1,図書館でお気に入りの席に先客が居た。
2,図書館で資格の勉強をした。
1,推しのグループが解散してしまった。
3,推しの新しい服が可愛い！
3,水族館に行ってイルカショーを見た。
1,睡眠時間は多いはずなのに、日中の頭の働きが鈍かった。
1,睡眠不足で、授業中ずっと眠かった。
1,酔っ払いに絡まれた。
1,酔っ払ってると電車逆方向乗るからダメ。
1,数学のテストで4点をとった。
3,数年ぶりに友達と遊園地に行って、とても楽しかった。
3,成人した。
2,成人式で、中学卒業ぶりに会った人たちが雰囲気変わって驚いた。
3,成人式で中学の友人と再会した。
1,成人式に行かなかった。
3,成人式のお祝いに時計をもらった。
3,成人式の前日に高校のクラスの人とほぼ全員集まって同窓会をし、楽しかった。
1,成績見たら、物理の単位落としてた。
1,政治家の不祥事が発覚したとニュースが報じていた。
3,晴れたので洗濯物を外に干せる。
3,晴れていたので散歩をした。
2,晴れていたので布団を干した。
3,正月に家族と初詣に行った。
1,正月に欠けた歯が、気づかぬうちにまた欠けている。
1,正月明けは、疲れる。
1,正午に起きて、少し時間を損した。
2,生まれてから20年ちょっと、ずっと八王子で生活している。
3,生垣の花が奇麗だった。
3,昔は拒否反応を起こしていた絶叫系アトラクションに乗れるようになってよかった。
2,昔やってたゲームの実況動画を見てやりたくなった。
3,昔作ったプログラムを再コンパイルしたらサイズが小さくなった。
1,接客業は辛い。
3,節約のために、決めた金額以上は使わないように計画した。
1,雪かきしたら腰が痛くなった。
1,雪がめっちゃ降って寒かった。
2,雪が降って、積もった。
1,雪が降っていたのでめっちゃ寒い。
1,雪が降りそうな中、登校するのは辛い。
1,雪が積もったので雪かきをした。
3,雪合戦をやりまくった。
3,先生にテストの点数を褒められて嬉しかった。
1,先生に怒られた。
1,先生の説明がよくわからない。
3,先輩とエビを食べにいった。
3,先輩と野球観戦をしに行った。
2,先輩の研究の手伝いをした。
3,先輩の誕生日会をやった。
3,千葉のお土産は、桜が入っていてよくできていた。
3,川崎で、きれいな景色が撮れてよかった。
3,浅草に行ったので雷門が見れてよかった。
3,洗濯物がよく乾くいい天気だった。
2,選挙の投票に行った。
2,選挙の立候補者についてネットで調べた。
3,前からやっていたゲームをクリアした。
3,前の布団が小さいので新しいものを購入した。
3,前々から欲しかったVRゴーグルをを購入した。
1,全身筋肉痛で一日動けなかった。
1,祖父が亡くなった。
2,祖父母にお土産を渡しに行った。
2,祖父母の家に大掃除の手伝いに行った。
3,掃除をしていたら掘り出し物を見つけた。
2,掃除機をかけた。
2,早く家に帰りたい。
2,早起きをすると一日が長く感じる。
3,早朝から飼い犬の散歩に行き気持ちが良い。
3,送ったパッチが採用されて、リリースノートに自分の名前が載った。
1,足首をひねってしまった。
3,続いていた風邪がようやく治ってよかった。
2,卒業研究の実験協力をした。
3,卒業旅行で大阪に行った。
1,卒業旅行の計画が大変だ。
2,卒論に向けてのスケジュールを決めた。
1,他大学の友達の近況を聞いたら、最近寝てないらしくとても心配。
1,体が痛くて買い物をするのも一苦労。
1,体育の授業中に左足首を捻挫をした。
1,体重が増えていたのに気付く。
1,体調が悪いので大学を休んだ。
1,体調をくずした。
2,台風が来ているのでずっと家にいた。
1,台風で近所の川が溢れそうになってそわそわした。
2,大晦日なのに1年が終わる実感が全然ない。
2,大学のレポートが終わって少し落ち着いた。
1,大学の課題が終わらず徹夜をした。
1,大学の課題を溜めすぎて、一気に消化するのが大変だった。
1,大学の講義で慣れないプレゼンをしたら、全然うまくプレゼンできなかった。
3,大学の編入試験に合格した。
2,大学の留学説明会に出席した。
3,大宮でチーズタルトを買った。
1,大好きなアニメが最終回を迎えてしまい、寂しい。
1,大切なシャーペンを無くした。
2,大切な書類を急いで提出した。
3,大掃除はやっぱり気持ちがいい。
3,大変なレポート課題がやっと終わった。
3,大変な課題を終えた後の爽快感は最高だ。
3,第３希望の企業から内々定を頂いた。
3,第一希望の研究室に配属することができた。
3,第一志望の大学に合格した。
3,卓球で負けたが課題が見つかったのでよかった。
3,卓球の試合で勝利できてうれしかった。
1,宅配ピザがなかなか来なかった。
3,脱出ゲームで無事脱出することができてうれしい。
3,単位取れたか不安だった科目の単位が取れていて安心した。
1,単語帳を失くした。
3,誕生日プレゼントに時計をもらった。
3,団体戦で自分は負けたが、チームは勝った。
1,弾くと指がとても痛くなるので、辛い。
1,段差で転んでけがをした。
3,男二人でショッピングをした。
3,知り合いがテレビに映っているのを見かけた。
2,知り合いを見かけた。
3,知人に勧められて見た動画が面白かった。
3,知人のサイトに面白い記事が載っていた。
1,地元で嫌いな人と会ってしまった。
1,地元のスーパーが閉店したせいで、不便になった。
3,地元の友人と久々に会って遊んだ。
1,地震速報でびっくりした。
1,遅刻した。
3,中学の友人と初詣に行った。
1,中学の友達と酒を飲み過ぎてしまい、記憶を飛ばしてしまった。
3,中学校の友達との同窓会に参加して、当時を思い出した。
3,中学時代の友人とばったり駅で会った。
1,中学生以来歯医者に行ってないのでかなり不安。
3,中野でジャンクレンズを500円で購入。
1,仲の良かった友達が遠くへ引っ越してしまった。
1,仲のいい友達とけんかした。
3,抽選が当たった。
3,抽選で1000円引きクーポンがもらえた。
3,抽選に当たった。
2,昼ごはんはカップラーメンだった。
3,昼ご飯にドーナツを食べて美味しかった。
1,昼に起きて一日を無駄にした。
1,昼間から眠い。
2,昼休みにラーメン食べに行った。
3,昼休みに担々麺を食べた。
3,昼食にコロッケを食べた。
2,昼食につけ麺を食べた。
2,昼食は牛丼のときもあるし、うどんのときもある。
1,昼寝が長すぎて、昼夜逆転してしまった。
1,昼寝をして悪夢を見た。
3,注文していたGIANTのクロスバイクが届いた。
1,駐車に失敗して車を当ててしまった。
3,朝、時間通りに起床できたので気分が良い。
3,朝、早起きしてランニングをしてとても疲れた。
1,朝からいろいろあって、寝不足。
2,朝からかつ丼はちょっときついかな。
2,朝からカレー。
1,朝からずっとパソコンの画面を見てたから目が痛い。
3,朝からランニングして気持ちいい。
2,朝から家事を全てこなした。
1,朝から少し咳が出る。
1,朝から電車が遅延してて萎えた。
1,朝から晩までバイトだった。
3,朝から遊園地で遊びまわった。
1,朝が寒すぎて最近よく２度寝するようになった。
2,朝ごはんをシリアルで済ませた。
3,朝の電車がいつもより空いていた。
1,朝帰りしてベッドで寝て、起きたら17時を過ぎていた。
3,朝起きたらテーブルに昼食代が置かれていた。
1,朝起きるのがしんどい。
3,朝起きれなかったので通学にロマンスカーを使った。
1,朝早く起きるのはつらい。
2,朝飯はパンといつものみかんヨーグルト。
3,朝目覚ましが鳴る前に起きた。
1,町に一つしかない本屋が閉店してしまった。
1,長時間の移動は疲れる。
1,長年一緒に行動した友人が引退した。
2,長年続けてきたピアノ教室を辞めた。
3,珍しい雲を見た。
1,椎間板ヘルニアになってしまった。
1,椎間板ヘルニアを患ってしまった。
3,追ってた小説の新刊が2年ぶりに出て嬉しい。
1,通学に使う自転車をパンクさせてしまった。
3,通販でゲーム機を買った。
1,低い段差につまづいて転んだ。
1,定期の更新を忘れて一般料金で乗車した。
1,定期入れどっかいった。
3,定期忘れて久々に切符買ったらゾロ目。
1,庭の草むしりをしたら靴が汚れた。
3,弟と腕相撲をして、勝ってうれしかった。
2,徹夜でゲームをした。
1,徹夜で試験勉強をした。
1,天気が悪かったので流星群が見れなかった。
3,天気が良かったので布団を干した。
3,天気予報が外れて雨が降らなくてよかった。
1,天気予報ではくもりって言ってたから傘持ってかなかったのに、雨が降ってきて最悪だった。
1,展示会に行ったが、目新しいものは特になかった。
1,店が1時でもとても混んでいた。
3,店員として客の要望に応えられると少しうれしい。
1,転んで大ケガをした。
1,点数が悪かったので、単位を落とした。
3,電気代節約の成果が出て感動した。
1,電子機器を新調したが、使いにくくてしかたがない。
1,電子辞書を使おうと思ったら、電池が切れてた。
1,電車が凄く混んでいて大変だった。
1,電車が遅延して授業に遅刻しそうになった。
1,電車が遅延して授業に遅刻した。
1,電車が動かない。
1,電車が目の前で閉まって発車してしまった。
1,電車でサラリーマンに足を思いっきり踏まれた。
1,電車で横入りされた。
1,電車で音漏れをしている人がいて、うるさかった。
1,電車で居眠りして、駅を通り過ぎそうになった。
1,電車で寝ていたら二駅乗り越してしまった。
1,電車で寝過ごした。
2,電車で通学した。
2,電車に乗った。
2,電車に乗って大学に向かった。
1,電車に乗って疲れた。
1,電車に酔った。
1,電車の中でレポートやろうと思ったけど、混んでて無理だった。
1,電車や信号に止められる1日だった。
2,電車を使って祖母の家に行ったが、2時間かかった。
1,電車を寝過ごした。
3,電池の持ちがいい。
3,登校中、子ネコを見かけた。
1,登校中、満員電車で押しつぶされた。
1,都会の駅は構造が複雑で、迷ってしまった。
1,都内で4年ぶりに大雪が降って大変だった。
3,努力が報われた。
2,冬だから、そろそろインフルエンザの予防接種を受けないとなと思った。
1,冬になり朝起きるのがつらくなった。
2,冬はやっぱり、鍋が一番だと思った。
1,冬は家と最寄り駅間10分歩くだけで寒さをすごく感じる。
3,冬は鍋料理が美味しい。
1,冬休みの予定が何もない。
1,冬場の食器洗いはつらい。
2,凍える体を温めるために運動。
3,東京たまご、美味しかった。
3,東京ドームへプロ野球観戦に行った。
3,東京駅で買い物をした。
1,東京行きの便が台風の影響で欠航になった。
2,東中野から中野まで歩く。
1,動物が死んでしまう映画を見て、泣いた。
1,同期と昼食を食べに行ったが、会話が弾まなかった。
2,同期の友人の研究の被験者になった。
1,同僚が仕事をサボって不快な気分だ。
3,道を歩いていたら猫に出会った。
2,特にめぼしいものはなかったかな。
2,特に何もしていないのに時間がたつのが早い。
2,特に問題はないかな。
1,読む前の新聞を犬に食べられた。
3,読んでいた本の新刊を買った。
1,読んでいる漫画が長期休載になってしまった。
1,突然来た事情知らない先輩にダメ出しされてきれそうだった。
1,豚丼の店なのに食券出す時に固めでお願いしますって言ってしまった。
3,二十歳を超えても、お年玉がもらえた。
1,二度寝したら一時だった。
1,二日酔いで一日中気分が悪かった。
1,日焼け止め塗り忘れたせいで、日焼けした。
3,日曜日に友人と映画を見に行った。
3,入浴中に読書をした。
3,猫が脱走してしまったが帰ってきた。
1,熱が出た。
1,熱が出たから食欲が全くなかった。
1,熱が出て学校を休んだ。
2,年が明けても、実感が全く湧かない。
1,年越しの灯油を用いたら煙くなった。
3,年賀状に使う写真が上手く撮れた。
2,年賀状を書いた。
1,年末が近いので大掃除だ。
2,年末ということで、家族みんなで大掃除をした。
1,年末においしいものを食べ過ぎてしまい太った。
2,年末に部屋中をピカピカにした。
3,年末の大掃除で窓掃除をした。
3,年末年始アニメが面白かったので、来年の年末年始も楽しみだ。
1,年末年始に40度の熱が出た。
1,派遣仕事で片道1時間半かけて職場に行った。
3,排水溝から小銭が見つかった。
1,配信で使っているソフトが不調になった。
2,配送業者の不手際で配達が予定日の翌日になった。
3,買い物の帰りにクレープを買って食べた。
3,買い物はいいストレス発散になる。
1,買うものを間違えた。
1,買ったばかりのスマートフォンをさっそく落とした。
1,買ったばかりの時計を壊してしまった。
1,買った弁当が不味かった。
1,買っておいたアイスが溶けてしまった。
3,博物館に男二人で行った。
1,八王子霧かかってる。
3,八重歯のある子がかわいいと感じた。
3,八丈島で島寿司をはじめて食べておいしかった。
3,発表会で緊張したが、無事に終わることが出来た。
2,髪を切りに行く。
2,髪を切りに行った。
2,髪切った。
3,抜き打ちテストだったが、思ったよりも解けてうれしかった。
2,半年ぶりに新しいゲームソフトを買った。
1,番組を録画し損ねて悲しい。
3,彼女ができた。
1,疲れがたまってるせいか、寝坊してしまった。
2,疲れたので、寝る。
1,疲れていたので仮眠を取ったら朝になっていた。
1,疲れていたので早めに寝た。
2,皮膚科に行った。
3,美味しいステーキをご馳走してもらった。
3,美味しいステーキを食べた。
3,美味しいハンバーガー屋に行った。
1,美容院で理想の髪型の写真を見せたのに全然違う髪型になった。
3,美容院に行ったら良い感じの髪型になった。
3,美容院に髪を切りに行った。
1,病み上がりの運動はつらかった。
1,病院のご飯、決して少なくはないんだけどいつもの生活より回数少ないからそりゃお腹すくよね。
1,不規則な生活が続いているせいか朝食をとらないことが増えた気がする。
2,父が買ってくれたクッキーを食べた。
2,父に夕食を頼むといつもチャーハンを買って帰ってくる。
1,父の誕生日が知らないうちに過ぎていた。
2,父親と交代で運転して祖父母の家に行った。
1,父親と些細なことで喧嘩した。
3,父親の会社の商品をお店で見かけた。
1,部屋が散らかりすぎて掃除するのが大変だった。
2,部屋の掃除をした。
3,部屋の大掃除をしたら懐かしいものがたくさん出てきた。
2,部屋の片づけをした。
1,部屋の片づけ中に発見した古いゲームカセットが壊れていて悲しい。
3,部屋をきれいにすると、とても気分がいい。
3,部屋を整理していたら１００円玉を見つけた。
1,部屋を掃除したら虫の死骸がでてきた。
1,部屋を掃除していたら、ゴキブリに出くわした。
3,部屋を掃除してすっきりした。
2,部屋を片付けて疲れた。
1,部活でトレーニングをして、とても疲れた。
3,部活のOBとの懇親会でいろんな話を聞けた。
3,部活のみんなでご飯を食べに行った。
2,部活の部長に選ばれた。
1,風が冷たくてのどが痛い。
1,風邪をひいたので、近くの病院へ。
1,風邪をひいたので葛根湯を飲んで早く寝た。
1,風邪をひき、38度の熱が出て辛かった。
1,風邪を引いた。
1,風邪を引いてしまい病院にいった。
1,風邪引いてダウンしてます。
2,風呂場が汚かったので掃除をした。
1,副鼻腔炎になってしまい、息がしづらい。
2,服や靴などを整理した。
3,服を買いにショッピングセンターに行った。
1,腹壊した。
1,物を壊した。
3,物体が落とす影の表現方法を理解することができた。
2,分からない単語をネットで検索した。
1,分析結果が思ったよりも良くなかった。
3,文化祭の劇をクラスのみんなでやり遂げた。
1,変な夢を見て、朝の目覚めがよくなかった。
1,片目だけコンタクト入らん。
3,勉強のかいがあってテストは余裕だった。
1,歩きながらおにぎりを食べてたら半分以上落とした。
1,補講のせいで帰りが遅くなった。
3,母がお土産を買ってきた。
3,母が誕生日だったのでプレゼントをあげた。
3,母と近所の駐車場で運転の練習をし、運転スキルが上達した。
3,母校の文化祭に顔を出してきた。
3,母校の文化祭に遊びに行った。
1,母親が熱出して寝込んでるから、夕飯をコンビニで買ってく。
2,母親と一緒に福山雅治のライブに行った。
3,母親の誕生日に焼肉に行った。
1,報われない恋物語を読んで、空しくなった。
3,放課後にアーティストのライブに行ってきた。
2,豊洲から浜松町まで歩いたが、とても疲れた。
3,豊洲の映画館に映画を観に行ったがとても面白かった。
1,忘れ物を取りに一度家に帰った。
1,忘年会に出席して飲みすぎてしまって気持ち悪かった。
1,墨汁で服を汚してしまった。
2,本屋で小説を買った。
1,本屋で立ち読みして時間をつぶした。
3,本屋に行ったら、偶然友達に会った。
1,本革の財布を濡らしてしまって、ピン札がATMで読めない程汚れてしまった。
3,本場の長崎で食べる長崎ちゃんぽんは一味違った。
3,本棚を整理してきれいにした。
1,本日中に配達予定の商品が全然届かない。
3,麻婆豆腐が食べたくなったので食べて帰った。
3,妹がお土産で買ってきたホワイトコーヒーが美味しかった。
3,妹から突然誕生日プレゼントをもらった。
1,妹とけんかしてしまった。
3,妹と池袋にらーめんを食べに行った。
2,妹に頼まれてネット通販でバッグを購入した。
1,妹の帰りが遅かった。
2,妹の成人式の写真を撮影した。
3,妹の成人式祝いでイタリアンを食べた。
2,毎週筋肉痛なのはつらい。
3,毎週月曜日は朝少しゆっくりできる。
2,毎週見てたアニメが終わった。
3,毎年恒例フェリーで伊豆諸島。
1,満員電車が辛かった。
1,満員電車で圧縮されすぎて、携帯電話の液晶が割れた。
1,満員電車で押されて怪我をした。
1,満員電車で酔って気持ち悪くなった。
1,満員電車はきつい。
1,漫画のページが折れて、悲しい。
3,漫画の新刊を買ってきて読んだがとても面白い。
3,漫画を全巻そろえて、うれしかった。
2,漫画を大人買いした。
1,漫画を買いすぎて、本棚に空きがない。
3,味噌とんこつラーメンがとてもおいしかった。
1,未読メールが大量にたまってしまっていた。
2,眠い。
1,眠気がとれなくて何度も仮眠していた。
3,無事に発表が終わって良かった。
3,無事研究室配属が決まった。
3,名古屋で味噌カツやひつまぶしを食べ、美味しかった。
3,明日、待望の映画が上映されるので楽しみだ。
3,明日の休日は久々に友人とボーリングに行く予定だ。
1,明日提出のレポートを終わらせるのがつらい。
1,明日締切のレポートがまだ終わってない。
3,免許の更新に行ってきた。
3,面白いラジオを見つけた。
3,面白い漫画を新たに見つけた。
3,面白そうな本を見つけた。
2,面白そうな本を買ったのに、まだ読めてない。
3,蒙古タンメン初めて食べたけど辛うまかった。
3,目の充血が治った。
1,目の前でドアが閉まった。
1,目の前で扉を閉められて電車が行ってしまった。
1,目覚まし時計の電池が切れていて、寝坊した。
3,餅つき大会に参加した。
1,貰ったタバコを吸いきれず捨て、勿体ないと感じた。
1,夜なのに眠れない。
1,夜の遅い時間にインターホンを鳴らされてびっくりした。
2,夜まで研究。
1,夜勤の仕事に慣れてしまい昼夜逆転してしまった。
3,夜勤明けでカーリング初体験してきた。
1,夜遅くまで起きていたせいで寝坊した。
1,夜中にゲームをやりすぎて夜更かしをしてしまった。
2,夜通しカラオケ大会だったわ。
1,野菜を切っていたら、手を切ってしまった。
2,約２週間ぶりに研究室のゼミがあった。
3,友人がお見舞いにケーキをくれた。
3,友人からケーキを頂いた。
3,友人たちとの山口県２泊３日旅行が楽しすぎた。
3,友人とお酒を飲んだ。
3,友人と休日にサイクリングをした。
1,友人と計画していた予定がつぶれてしまった。
3,友人と有楽町で飲み会をして、楽しかった。
3,友人に頼られた。
3,友人へのプレゼントは喜んでもらえた。
3,友達３人でディズニーシーに行って楽しんだ。
3,友達がアルバイトをしているラーメン屋に行った。
3,友達が勧めてくれたゲームは面白いだけじゃなくBGMも素敵だった。
1,友達が転校した。
3,友達とキャッチボールをした。
3,友達とゲームをしていたら、いつの間にか日の出を迎えていた。
3,友達とコミケに参戦。
3,友達とご飯を食べに行く約束をしたから楽しみ。
3,友達とご飯を食べに行った。
3,友達とさし飲み。
3,友達とドライブしに長野県へ行った。
3,友達とのカラオケは楽しい。
2,友達との集合時間よりかなり早く着いたため、天丼を食べて時間を潰していた。
3,友達と映画を観に行った。
3,友達と映画を見に行った。
2,友達と何を食べるか相談した。
3,友達と夏休みにバーベキューをした。
2,友達と串揚げを食べた。
3,友達と激辛ハンバーガーを食べに行った。
1,友達と行った銭湯が改装中でしまっていた。
2,友達と雑談した。
3,友達と秋葉原に遊びに行った。
3,友達と上野に遊びに行く約束をする。
3,友達と仲直りをした。
2,友達と日本酒を飲む。
2,友達と買い出しに行った。
3,友達と遊園地に行った。
3,友達に関数電卓を借りた。
3,友達に告白された。
3,友達の家で鍋パーティをした。
3,友達数人で初めてニコバーに行った。
3,有楽町駅でサンタクロースっぽい外国人のおじさんを見た。
3,有名政治家の選挙カーに出くわした。
2,遊園地の絶叫系アトラクションでいっぱい叫んだら、喉が枯れた。
3,夕食にカレーを食べたら美味しかった。
1,夕食のサラダに自分の嫌いなトマトが入っていると萎える。
3,夕食は豪華にしゃぶしゃぶだ。
3,夕飯が高級な肉だった。
2,夕飯に味噌田楽を食べた。
3,夕飯のドリアが美味しかった。
2,夕飯の買い物を頼まれ、お使いをした。
3,夕飯は焼肉で嬉しかった。
3,夕飯をおごってもらって嬉しかった。
3,夕方から期末試験の勉強をがんばった。
1,夕方寒くなり、薄着を後悔した。
2,予定がなかったから、家で1日中ゲーム。
1,予備校で朝から晩まで勉強してとても疲れた。
3,予約完了、到着が楽しみ。
3,幼稚園時代からの幼馴染から連絡がきた。
1,容量が少ないのでソフトをダウンロードできなかった。
3,洋服屋に服を買いに行き、良い服が見つかったのでよかった。
1,洋服屋のホームページに載っていたお目当ての服は品切れだった。
2,用事がなかったので家でゲームをした。
3,欲しい靴があったので買った。
1,欲しい資料があったが、高すぎるので断念した。
1,欲しかったゲームの発売が延期した。
3,欲しかったものを格安で手に入れた。
3,欲しかったやつが出た、うれしい！
3,欲しかったロードバイクをついに買えた。
3,欲しかった本を古書店で見つけた。
3,来るときには雨が降っていたが、帰るときには止んでいた。
2,来週、免許の更新に行く。
1,雷が落ちているので早く家に帰った。
1,雷雨がヤバイので早く帰りたい。
2,落ちている財布を交番に届けた。
1,落とした財布が見つかったが、中のお金は抜かれてしまっていた。
1,履きなれていない革靴が痛い。
2,履歴書用の証明写真を撮りに行った。
3,溜まっていた洗い物をした。
1,旅行が楽しみすぎて、全然寝れなかった。
3,旅行に行く計画を立てて、わくわくする。
3,旅行の計画をした。
3,旅行の計画を立てた。
1,旅行先で財布を落とした。
2,両親がガラケーからスマホへの乗り換え手続きに立ち会った。
3,良い天気だったので犬の散歩に出かけた。
1,冷蔵庫に何も入っていない。
1,冷蔵庫の中に食べたいものがない。
1,冷蔵庫の野菜が腐っていた。
2,録画したテレビ番組が溜まっている。
2,録画していた番組が溜まって消化していたら、1日が終わっていた。
2,論文よんだ。
1,脇道から出てきた車と接触した。
1,眩暈が酷くて学校を早退した。
1,贔屓にしていた店が潰れてしまって悲しい。
3,贔屓の球団の選手が活躍して嬉しい。
